product_info_no,category,content,delivery_fee,info_notice,reg_date,stock,upd_date,view_cnt,product_id
1,핸드메이드,"귀엽고 앙증맞은
볼 통통한 토끼 ""볼토""를 소개합니다.

오동통한 볼을 콱!!
깨물어 주고 싶은 ""볼토"" (볼 통통한 토끼)
조그마한 아이라 가방에도 쏘옥~ 들어간답니다.
애착인형으로~ 반려인형으로~

볼토에 키 링을 달아 언제나 함께 할 수도 있어요.
아이들 가방에도
잊어버리기 쉬운 열쇠고리에도
자동차 키에도
귀여운 볼토 함께해요.
선물용으로도 좋아요~ ^^

헤라 코튼 실로 뜬 보들보들한 쪼꼬미 인형이에요.

헤라 코튼(제일모직)
cotton 55%
A/A 45%
Wool 5%
made in Korea",3000,"종류 | 핸드메이드 손뜨개, 소재 | cotton 55% A/A 45% Wool 5%, 제조자 / 제조국 | 쿤/대한민국",2022-12-26 11:59:17.814,100,2022-12-26 11:59:17.814,0,1
2,핸드메이드,"👏🏻👏🏻👏🏻
💗2022 상반기 결산 베스트 작품 선정💗

뜨개 호보백

가볍게 들고 다닐 수 있는 사이즈입니다!
어깨에 메면 옆구리에 착붙이에요😉


✅소재
울 40% 아크릴 60%
봄, 가을, 겨울에 들기 좋은 소재입니다 :-)


✅사이즈
가로 : 24cm
세로 : 17cm
끈 길이 : 약 52cm
(핸드메이드 제품으로 약간의 오차는 있을 수 있습니다🙂)


✅참고해주세요💛
가방에 똑딱이나 자석단추는 없습니다
옵션에서 추가로 파우치 구매 가능합니다
(지퍼있는 광목파우치 가로 20cm 세로 13cm)


✅배송기간
고를 수 있는 색상이 많은만큼
주문 들어오는대로 실을 주문하고있습니다
발송까지 약 14일 정도 소요되는점 양해부탁드립니다🧡",3000,"종류 | 호보백/숄더백, 색상	| Blue 컬러, 소재 | 울 40% 아크릴 60%",2022-12-26 12:03:42.763,100,2022-12-26 12:03:42.763,0,2
3,핸드메이드,"🍒 하트 체리 키링
반짝반짝 펄이 들어간 투명 빨간 체리 팬던트에
아크릴 하트 팬던트, 그리고 포인트가 될 수 있는
투컬러 미니 큐빅이 더해져
강렬하면서도 귀여운 키링이 제작되었습니다!


🍒 구성요소
- 체리 팬던트
- 아크릴하트 팬던트
- 미니 투컬러 큐빅 팬던트 (단면)


🍒 컬러
- 레드

🍒 사이즈
- (고리포함) 약 8cm


🍒 스마트키용 키링으로 구매하시는 분들을 위해 작은고리를 함께 보내드리고 있습니다. 스마트키나 다이어리등 구멍이 작아 키링과 직접 연결이 힘드신 분들은 동봉되어 있는 작은고리를 이용하여 키링과 스마트키등을 연결해서 사용하세요!
",3000,"종류 | 키링 악세사리, 소재	|  태슬 : 샤무드  금속 : 도금, 제조자 / 제조국 | 쿤 / korea",2022-12-26 12:50:57.953,8,2023-01-07 15:18:38.393,0,3
4,핸드메이드,"✅️ 리뷰 작성시 ✅️
🎉 청과 어울리는 탄산수 증정!🎉
✨️요청란에 리뷰작성 이라고 남겨주세요✨️
(리뷰작성 이라고 없으면 사은품이 누락됩니다ㅠ)
💎주관적 리뷰도 저희를 성장시킵니다💎
꼭 써주시길 부탁드립니다. 🙏🙂

✅️ 작가 팔로우시 ✅️
즉시 사용 가능한 할인쿠폰 증정
팔로우 후 제품 구매시 즉시 할인쿠폰!
최대 3,000원 까지 할인 받고 구매하세요!

✅️ 3병이상 구매시 ✅️
✨️수제 퓨레 추가증정!✨️
사은품이 이렇게 맛있냐고
많이들 놀라십니다!
사용이 편한 스파우트파우치!
✨️용량도 무려200g!✨️

🔰모든 혜택 다 누리세요♡🔰

👨‍💻문의, 컴플레인 응대 속도
저희가 최고입니다.👨‍💻
⛔️주소지 변경으로 문의했는데
답변 없어 노심초사
⛔️제품 잘 못 왔는데 문의해도
답변 없어 속상속상
⛔️환불 신청했는데 빨리 처리되지 않아
발송되면 어쩌나 걱정걱정
⛔️기타 궁금해서 메세지 남겼는데
답변 없어 답답하신적 많으실텐데요

🔰 저희는 그럴일 없습니다. 🔰
대표가 직접 모든 문의와 컴플레인에
긴장하며 응대합니다.

🔊문의는 저녁 8시 까지 답변하고
📢컴플레인은 새벽에 자다 깨서도 답변합니다.

💯고객 응대만 18년째 합니다.
저희는 고객의 마음을 압니다.💯",3000,액상차/서울 중랑구 신내로225 디아뜨갤러리 1층/수령후 5주 이내,2022-12-26 12:55:08.224,6,2023-01-07 15:18:38.357,0,4
5,노하우,"[서비스 설명]

1. 전문가 소개
강남에 거주하며 아이를 영어유치원을 졸업시키고 레테 전쟁을 거치면서 엄마표로 준비하면서 많은 정보 부족을 느꼈습니다. 특히 워킹맘에서 오는 한계로 인하여 처음에는 원하는 3점대 학원에 합격을 못 시켰습니다. 이후 과감하게 직장을 그만두고 이사를 하면서 역시 원하는 학원에 입학시키기까지 역시 많은 노력이 필요했습니다. 지인분의 제안으로 심리상담사1급 자격증을 취득했고 강남에 살며 아이들 키우며 모은 정보를 유용하게 공유하는 상담 프로그램을 만들게 되었습니다.


2. 서비스 소개
가.STANDARD 상품
40분간 비대면으로 예비6세 소마 입테 엄마표 준비 방법을 알려드립니다.

[서비스 제공 절차]
가. 결제 -> 상담일 확정-> 실시간 비대면 상담40분/50분 진행 -> 상담완료 -> 구매확정",0,연락 가능 시간: 0시 ~ 11시,2022-12-26 13:07:07.810,5,2022-12-26 13:07:07.810,0,5
6,노하우,"[서비스 설명]

# 과학기술혁신정책 컨설턴트 출신의 실력있는 기획자가 제작하는 엑셀
# 산업부 & 과학기술정보통신부 & 중소벤처기업부 DB 분석 & 통계 엑셀
# Management 필수 서식 & 효율성 Up

- - - 고객 Needs에 맞춘 customizing - - -
 1) VBA를 활용하지 않은 수식형 엑셀
 Q. WHY? VBA를 사용하지 않나요 ?
  A. VBA를 활용할 경우 사후관리를 위한 추가적인 커스텀마이징 지속적으로 필요한 단점.

 2) 간결한 함수식을 활용한 분석
  - 분석 Need에 맞춘 엑셀 분석 시트 작성
  - 간결한 함수식 활용을 통해 추가 분석시 활용성 UP
  - 데이터 추가시 자동 계산 완성",0,연락 가능 시간: 8시 ~ 22시,2022-12-26 13:12:13.183,8,2022-12-26 13:12:13.183,0,6
7,노하우,"[서비스 설명]

안녕하세요 김선생입니다.
2020년 03월부터 약 2년동안 주식/비트코인/해외선물 수강생들을 1:1로 직접 얼굴을 맞대고 오프라인 & 비대면 온라인 레슨하며 개인 블로그나 홈페이지를 운영했습니다.
매매일지 등 그 동안 수강생분들 누적수익을 현재까지도 날마다 업로드 중 입니다.

본 전자책의 목적은 해외선물을 해보신 분들을 위해 제작되었습니다.
해외선물이 처음이신분들은 추후 vod강의로 수강하시는것을 추천드립니다.

*이 기법은 (KB증권 앞자리 3 실제 계좌인증)
현재 22.11.15(기준) 까지도 제가 실전매매 하고 있는 기법이며 214번 진입하여
160번 진입 54번 손절 / 수익금 2500만원 정도 유지 중입니다.


--------------강의 커리큘럼(35 page)--------------
제1강 해외선물 하는 이유?
제2강 차트세팅
제3강 매매방법론(상승장/ 하락장/ 비추세장)
매매시 주의사항
 22.11.01 ~ 13 장 리뷰
제4강 마인드 

",0,연락 가능 시간: 25시 ~ 25시,2022-12-26 13:17:52.014,7,2022-12-26 13:17:52.014,0,7
8,노하우,"블로그 오토수익 강의 + 뉴스픽 자동
-뉴스픽 자동 제품은 받은 당일부터 수익 창출가능
-블로그 오토수익화 이론 및 기술 강의 영상 제공

[소개]
2012년부터 애드센스광고를 주업으로한 전문마케터 입니다.
자동화수익을 위해 많은 연구를 했으며
현재 만족할 수준의 성과를 이뤄냈습니다.
더 많은 수익을 위해 매일 꾸준히 연구하고 있으며
그 결과물들을 여러분들과 공유하고 싶습니다.

작업일 : 30일",0,연락 가능 시간: 10시 ~ 22시,2022-12-26 13:20:52.203,3,2022-12-26 13:20:52.203,0,8
9,취미/특기,"ABOUT
이번에 진행할클래스를 소개합니다

🎁 클래스 구성 및 소요 시간 🎁

• 기초 기법 배우기 (20분)
• 제주도 푸른 바다 (1시간)
• 따뜻한 봄의 에펠탑 (1시간)
• 휴양지의 노을 (1시간)
• 핑크빛 유럽 풍경 (1시간)



LEARN
클래스를 통해내가 배울 수 있는 것들
📍 기초 기법 배우기 📍

오일파스텔 그림을 그리기 위한
기초 기법을 간단하게 배웁니다.

면을 채우는 방법과
그러데이션을 하는 법을
먼저 배울 거예요.",0,"※ 스트리밍 시작 후 7일이 지나는 경우, 클래스 영상 시청과 관계없이 사용일수에 따른 금액 차감 후 환불됩니다.",2022-12-26 13:29:04.243,24,2023-01-07 11:56:33.392,0,9
10,취미/특기,"ABOUT
이번에 진행할클래스를 소개합니다

😸 클래스 구성 및 소요 시간 😻

• 고양이 발바닥 젤리 마그넷 (1시간 30분)
• 단색 고양이 (2시간)
• 삼색무늬 고양이 (2시간 30분)
• 태비 고양이 (2시간 30분)
• 보너스 1: 커스텀하기
• 보너스 2: 튼튼하게 키링을 연결하는 법

🎁 준비물 패키지가 포함된 상품입니다.
이미 니들펠트 바늘이 있는 수강생들을 위한 재료 패키지(바늘 미포함)

• 기본 양모: 약 25g (마그넷1,키링2 분량)
• 색상 선택 양모1: 6g(러시안블루, 블랙, 아비시니안 중 택1)
• 색상 선택 양모2: 6g(치즈태비,고등어태비,아메숏 중 택1)
• 스펀지 1
• 펠트용 기화펜 1
• 송곳 1
• 키링 부속재료 4세트
• 자석 1
• 꾸밈용 리본 1
• 간단한 도안 1",0,"※ 스트리밍 시작 후 7일이 지나는 경우, 클래스 영상 시청과 관계없이 사용일수에 따른 금액 차감 후 환불됩니다.",2022-12-26 13:33:54.844,39,2023-01-06 12:52:07.666,0,10
11,취미/특기,"안녕하세요.
제가 진행할 금손 클래스는...
(*르니플로리는 코로나19 바이러스 예방을 위해 수업 전 손 세정 후 장갑, 마스크 착용을 의무화하고 있습니다. 또한 수업이 끝난 후 모든 도구와 집기들을 소독하고 있습니다)



[쫀득한 식감의 화과자 우이로우 만들기]

맵쌀가루,찹쌀가루로 만든 건강하고 쫀득 말랑한 식감의 디저트 화과자 우이로우 입니다 :)

모든 과정 하나하나 내 손으로 정성스럽게 만들어 보아요!

답례품, 명절선물, 상견례등을 위해서 손색이 없는 수제 화과자 입니다!

초보자도 쉽게 내가 이걸 만들었다니! 라는 감탄사가 나올 수 있습니다.

수강생분이 원하시는 색감에 최대한 맞추어 에쁜 색으로 조색, 성형 해 보실 수 있어요!



<우이로우 클래스의 진행 과정>

- 강사 소개 및 화과자에 대한 설명

- 화과자 조색하기

- 화과자 모양내기

- 화과자 총 10구세트 제작하기

- 사진촬영


아늑한 공방에서 여유롭게 배워가실 수 있습니다 ^^


★상시모집입니다. 공지된 일정 외에도 원하시는 날짜,시간 가능합니다.
바이디어 문의를 통해서 원하시는 날짜,시간 문의주세요 ^^


이런 분들에게 추천드려요!
- 소중한 분에게 정성스럽 답례품을 드리고 싶으신 분

- 클래스, 창업을 위해서 배워보고 싶으신 분

- 취미로 배워보고 싶으 신 분",0,클래스 당일 취소나 불참 시 | 환불 불가,2022-12-26 13:38:43.152,99,2022-12-26 13:38:43.152,0,11
12,취미/특기,"안녕하세요.
제가 진행할 금손 클래스는...


[수업 일정 및 안내]
• 수업 일정은 임의적으로 등록되어 수강 일정 협의 후 수강신청 부탁드립니다 :)
(수강 문의 및 일정 협의는 문의 글 등록해주세요)



• 공방 위치 : 경기도 수원시 팔달구 화양로00번길 10 상가동 8층 

(아파트 단지 내로 들어오시면 안되고 아래 아파트 지하주차장 입구 옆 상가동으로 오셔야 되세요)

✔ 공방 앞 주차 가능합니다 :)



• 12개 내외 분량의 휘낭시에를 넉넉히 가져가실 수 있습니다.



• 배우시게 될 휘낭시에는 플레인, 초코칩, 소보로 3가지 맛 입니다.



• 포장 상자를 제공해드립니다.

(상자 포장이 되어 선물하기도 좋고 나를 위한 선물로도 Good :D!! )



• 레시피는 제공되지 않습니다.



• 수업은 정시에 시작되며, 수업 시작 10분 전부터 입장 가능합니다.

정시 기준 5분 이상 지각 시 수업 참여가 불가한 점 양해 부탁드립니다.

(다음 수업에 지장이 생길 수 있으니 시간 엄수 부탁드립니다!)



• 소요시간 : 약 1시간





안녕하세요 수원에서 베이킹 클래스를 운영중입니다:).

금괴 모양을 본떠 노릇 노릇 태운 뵈르누아제트를 이용하여 만드는

겉은 바삭 속은 촉촉한 풍미 가득 휘낭시에 원데이 클래스 입니다.



어렵지 않은 레시피로 입문자 분들도 실패 없이 만드실 수 있게 지도해드립니다.



새로운 취미를 배우고 싶으신 분들

직접 만든 정성스러운 선물을 하고 싶으신 분들

우리 아이의 맛있는 간식을 만들어주고 싶으신 분들

홈베이킹을 즐기시는 취미러분들

이색 데이트를 원하는 사랑스러운 커플 분들에게 추천드려요^^



수업 중 사진촬영도 가능하니 소중한 추억 많이 담아가시길 바랍니다 :)",0,클래스 당일 취소나 불참 시 | 환불 불가,2022-12-26 13:44:42.778,10,2023-01-21 07:34:20.265,1,12
13,핸드메이드,"꼬마곰 석고방향제🧸+🧸
(리필오일 미포함제품입니다)

사이즈 ; 가로 3 x 세로 3.8(cm)
(1-3mm 오차가 있을 수 있습니다)

탁상용의 경우 뒷면은 납작한 2D모양이며
차량용의 가로/세로 호환 가능합니다

🧸추가구성인 꽃과 구름은 차량용으로만 제작되며
합포장 요청시 함께 합포장되어 보내드립니다!
따로낱개 포장요청시에는 추가구성은 선물 포장은 안됩니다🧸

아주 작고 앙증맞은 사이즈의 방향제이며
1+1으로 두개가 같은 향으로 제작됩니다.
🥨볼터치의 경우 랜덤이며, 원하시거나 원하시지 않을 경우
꼭 요청사항에 기입해주세요🥨

더 월등한 발향력을 위해 향이 첨가되어 제작됩니다
무향을 원하시면 요청사항에 꼭 기입해주세요!
(발향력은 맡으시는 분들에 따라 강할수도 약할수도 있어요
늘 같은 용량의 비율로 제작이 됩니다)

칼라가 들어간 석고의 경우 채색이 아닌 조색으로
(눈/토/입 등 미세한곳 제외) 제작시마다 약간의 칼라 차이가 있을 수 있습니다(진하거나 연하거나)



🥨주문 확인 후 바로 제작이 들어가므로 단순변심으로 인한
교환/환불은 불가능하니 꼭 신중한 주문 부탁드립니다🙏🏻
1-2일 제작, 배송까지 넉넉히 2-4일 소요됩니다.
(지역 택배물량에 따라 빠를수도 더 늦어질 수도 있습니다)
이 점 꼭 참고 부탁드립니다🙇🏻‍♀️
당일배송 불가능하니 급하신 분들은 피해주세요🥨


🥨배송 중 파손시 수령 후 24시간이내로 파손된 제품의 사진을 보내주시면 새 동일제품으로 재발송해드리며
그 이후에는 처리가 불가능하니 참고부탁드립니다🥨
",3000,제작 / 배송 | 5일 이내 주문 후 제작에 들어가는 작품입니다.,2022-12-27 10:24:06.103,20,2022-12-27 10:24:06.103,0,13
14,핸드메이드,"안녕하세요^^
녹음카드 45초는 현재 일시품절되었습니다.
입고일은 미정으로 30초만 구매가능합니다.
감사합니다.

🌈나만의 특별한 카드🌈
가족과 연인, 그리고 친구에게
따뜻한 마음과 사랑의 담아 전할수 있는 선물 🎁

* 제품 색상은 화면 해상도에 따라 다소 차이가 있습니다.

💕카세트 테이프 녹음카드📼💕

만나긴 어렵지만
여러분만의 목소리를 담아 특별한 메시지를 전하세요🤗

🎀 #커플 #생일 #친구 #부모님 # 졸업선물 #연말선물 🎀

- 디자인특허출원등록완료 -
(빈티지 녹음카드에 녹음하는기능과 디자인 특허출원)
카피,도용시 부정경쟁방지법 형사고소등
민형사상의 법적조치 하겠습니다

❤사용방법❤

👉1. 흰색 플라스틱 부분을 뽑아 냅니다^^
👉2. 가운데 녹음 버튼을 길게 눌러 ""🔊띠~"" 소리가 들리면,
🔴버튼을 누른 상태로 녹음을 시작합니다.
👉3.녹음이 끝나면 녹음 버튼에서 손을 떼주세요.
녹음내용은 한번 자동 재생됩니다.
(녹음 시간 30초,45초 선택가능)
👉4. 버튼을 다시 짧게 누르면 녹음 내용을 확인할 수 있습니다.

⚠️주의사항⚠️
이 제품은 실제 카세트테이프가 아님으로
여러번 수정하여 녹음할 수 있으나
배터리가 많이 소요될수 있음을 참고 부탁드립니다.

* 겉면은 코팅지 재질이고 플라스틱 재질은 아닙니다.
제품은 배터리 교체 후 지속적으로 사용할 수 있습니다.

❣리듐 배터리 CR2032

외부사이즈:10.8*7.2*1.6
내부 사이즈10*6.4",3000,"작품명 | 카세트 테이프 녹음카드, 제조자 / 제조국	| ANNAsSHOP / 한국",2022-12-27 10:28:59.070,97,2023-01-07 11:56:33.371,0,14
15,핸드메이드,"아르떼 수제비누

6주간 숙성/건조하는 CP 비누입니다
오일 배합부터 비누화까지 직접 작업하여
원재료의 특성을 최대한 보존하였습니다

천연비누 6개이상 구매하시면
친환경 면비누망을 사은품으로 드리고 있습니다^^

*어성초비누*
세정효과가 뛰어난 어성초를 비누에 첨가하면
그 효과가 증폭되어 피부질환을 갖고 계신 분들께 추천
#피부진정 #건성피부 #깊은보습

*유황비누*
세안 후 부들부들한 피부감을 유지하고 싶으신
분들께 만족스러운 비누입니다
#보습관리 #피부탄력 #모공청소

*딸기비누*
지성피부에 피로감으로 어두운 안색이시라면
딸기비누로 피부에 생기를 찾아보세요
#지성피부 #피지조절 #어두운안색

*알로에비누*
알로에의 알로인 성분은 기미,주근깨 여드름자국이
남는 것을 방지하고 알로화이트 성분이 피지분지를
정상화를 도와줍니다
#여드름자국 #기미주근깨 #피부안정

*녹차비누*
트러블로 민감하고 붉어진 피부를 진정시키는 효과가 있고
노폐물과 피지 제거,탄력에 도움을 줍니다
#피부진정 #어두운안색 #피부탄력

*모낭비누*
어성초와 감초분말로 모낭의 세균 감염을
억제&완화를 돕습니다
#모낭염 #피부안정 #지성피부

*아토비누*
아토비누의 주성분인 편백은 제습,향균,면역력 향상
피부질환 개선 등 다방면에 탁월한 효능이 있습니다
#가려운피부 #문제성피부 #피부질환

*쑥비누*
피부진정과 노화방지로 젊은 피부를 유지하는데 도움을 주고
안색을 밝게 만들어주는데에도 효과가 있습니다
#피부진정 #노화방지 #어두운안색

*쌀겨비누*
피부에 자극을 주지 않고 딥클렌징이 가능하고
각질과 블랙헤드,모공의 수가 감소하는 효과를 볼 수 있습니다
#지성피부 #모공관리 #딥클렌징

*숯비누*
흡착력이 좋은 숯가루로 모공 속 피지와 블랙헤드를
조절할 수 있습니다.
#지성피부 #블랙헤드 #피지조절

*코코넛비누*
깊은 촉촉함과 편안함을 주는게 코코넛비누의 매력입니다
무난한 수제 비누를 찾으시는 분들께 추천드리는 비누입니다
#건성피부 #피부진정 #깊은보습

",3000,"용량 또는 중량	| 100g, 제조자 / 제조국 |	아르떼컴퍼니 / 대한민국",2022-12-27 10:31:16.800,30,2022-12-27 10:31:16.800,0,15
16,핸드메이드,"🐰🐻볼터치 토끼/곰돌이 케이스+키링 세트
총 길이 : 고리제외 약 3cm

⭐️ 팬던트가 공정상 문제로
색상. 모양의 차이가 조금씩은 있을 수 있습니다 ⭐️


토끼는 베이지 케이스에 핑크색 발바닥
곰돌이는 브라운 케이스에 브라운색 발바닥 입니다 :)

( 케이스 색상 변경 가능하며
원하는 케이스 색을 메세지 보내주시거나
배송 요청사항에 적어주세요 ,
적혀있지 않은경우 토끼는 베이지케이스
곰돌이는 브라운케이스로 제작됩니다 )

제작 케이스는 모두 TPU 케이스로
실리콘+플라스틱 느낌이며
일반 실리콘케이스보다 단단한 느낌입니다 


👉 주문전 주의사항 👈

직접 팬던트를 하나하나 확인하며 작업하지만 
팬던트 공정특성상 미세한 스크래치나 
약간의 이염이 있을 수 있습니다

스크래치나 이염에 예민하신 고객님께서는 
구매전 다시 확인 부탁드립니다

도금제품으로 사용하지 않으실시엔 
공기노출을 막아주세요 ( 지퍼백 ) 

제품에 이상이 있으실시 받으신 후 
3일내 사진과 함께 문의주세요 

단순변심, 교환, 환불의 경우 
고객님께서 배송비를 부담해주셔야 합니다
",3000,제조자 / 제조국 | 챠밍달/대한민국,2022-12-27 10:36:32.464,100,2022-12-27 10:36:32.464,0,16
17,핸드메이드,"[ Q n A ]
1) 터치가 안돼요, 약해요!!
->부착하신 필름에 따라 터치가 안될 수 있습니다. (강화필름 등)
->> 터치실이 꼬매진 면적과 위치에 따라
간혹 터치가 약하거나 안된다고 느끼실 수 있습니다.
수작업으로 작업되기에, 기계처럼 꼬맬 수가 없습니다.. ㅠ

★★장갑을 받았는데, 터치가 잘 안된다면..
손가락 끝이 아닌, 손가락 바닥(지문쪽)이 닿도록 터치해주세요★★
★★손가락피부-(터치실)-핸드폰액정
이 셋이 서로서로 다 닿을 수 있게 터치를 해주세요!!!


2) 보풀을 어떻게 관리하나요?
->울80% 의 높은 보온성을 지닌 소재로,
마찰에 의해 보풀이 부득이 발생합니다.
보풀제거기를 사용하여 관리해주시는게 제일 좋습니다!
또는 제거해주지 않아도,
보풀은 시간이 지나며 누적됨에 따라 자리를 잡아갑니다.
세탁은 동봉된 주의사항에 따라 관리해주세요^^




(한손 기준)
영어 소문자 기준 10자 이하 - 3,000원
영어 소문자 기준 11 ~ 21자 - 5,000원
❗영어 대문자, 한글은 2자로 계산❗
ex) Ji Yeon -> 8자
👦7~11세👧 키즈장갑도 출시되었어요,♥
'작품 더보기' 로 확인해주세요♥

📍작업이 시작되면 취소,교환,환불이 어렵습니다.
신중하게 주문해주세요.
📍빠른 배송을 위해, 개별 시안 안내는 어렵습니다.
📍자수 문구 내용은 [주문 요청사항]에 꼭 작성해 주세요!!
누락시 제작이 지연 됩니다.


🆕22년 리뉴얼🆕

1) 검지터치 종류를 두가지로 선택하실 수 있습니다.
( 레드-아이폰 불가 / 그레이-전기종 가능)

2) 장갑 전체가 두꺼운 중량을 자랑하는 포그니로 변경되었습니다.

3) 가독성이 좋은 폰트로 전체 변경되었습니다.
-지난해의 리뷰사진과 폰트가 달라요.

★★★페이지 하단 설명을 잘 확인해주세요★★★",3000,"소재 | 울80% 나일론20%, 제조자 / 제조국 | 작품상세 표시",2022-12-27 10:40:49.346,50,2022-12-27 10:40:49.346,0,17
18,핸드메이드,"
♡♡ 배송관련♡♡
12월29일부터 발송가능해요
발송후 1~2일후 수령가능하세요
참고 부탁드려요
.............................

💎 유리구슬 같이 맑고 투명한
풍선 안에 예쁜 꽃을 담았어요 🌷

📛 저희 지미스는 생화같은 고급 실크플라워만 사용합니다
.............................

🌷 상세 설명 🌷


1️⃣ 구 성

✔ 꽃다발형

✔ 스탠드형

✔ 사각박스형

✔사각박스형(현금이벤트용)

📍반전 용돈박스 이벤트 가능❗
메세지카드를 당기면 돈이 주르륵 나와요
♡ opp필름 20장 + 메세지카드
※opp필름: 지폐넣는 비닐

🚩opp필름 추가구매 원하시는 경우
메세지로 문의주세요^^

✔화분형

✔화분형(현금이벤트용)

📍반전 용돈박스 이벤트 가능❗
메세지카드를 당기면 돈이 주르륵 나와요
♡ opp필름 20장 + 메세지카드

✔원형용돈박스형
♡ 투명 머니 홀더(17개)

🎈머니홀더 하나에
지폐3~4장까지 들어갑니다

2️⃣ 레터링 문구

레터링은 약 25자내외 추천합니다^^
(한 줄당 10자이내가 가장 예쁨)
길어지면 글자크기가 작아집니다♡

※주문요청사항에 기재해주세요

3️⃣ 풍선 사이즈
(대) 27 ~ 30cm
(소) 20 ~ 23cm

4️⃣ 레터링 색상

버터플라이라넌-연핑크 : 로즈골드색상
그이외 : 골드색상으로 진행됩니다♡
변경을 원하시면 메세지로 문의하세요

🔉 알 림

※ 부피와 포장손상의 우려로
한개당 한박스에 발송되는 상품입니다.
✔2개이상 주문시,
따로 결제 부탁드려요🙏

ㅡㅡㅡㅡㅡㅡㅡㅡㅡ
⚠️ 주의사항

1. 뾰족한 물건과 온도에 주의해주세요
🚫 개봉시 칼 사용 절대금지! 🚫

2. 지미스ZIMIS만의 마감기술로
풍선의 바람이 1~2달 유지 가능합니다
( 환경과 관리에 따라 2달 이상도 가능~😊 )

",3000,"작품명 | 다알리아 버블풍선, 제조자 / 제조국	| 지미스ZIMIS / KOREA",2022-12-27 10:44:21.224,15,2022-12-27 10:44:21.224,0,18
19,핸드메이드,"🌲 hauolli candle serise ' Forest 🌲

하우올리의 개인적인 취향을 담은 오브제캔들입니다. 
자연에서 모티브를 얻어 캔들로 제작해냅니다.
여러번의 테스트를 통해 
가장 아름답게 표현되는 컬러와 도형을 디자인 합니다.

• 우드 트레이와 세트인 상품입니다.
우드 트레이는 자연물로 갈라지거나 ,
모양이 각기 다를 수 있는 점 참고해주세요 ! 

🌷 선물용이신 경우 옵션에서 “선물용”을 선택해주시면 무료로 선물포장해서 보내드려요. 🌷 

불필요한 쓰레기를 줄이기 위하여 
선물용이 아닌 경우는 기본 포장하여 보내드립니다 🤍


-

HAUOLI say ,

맑고 청량한 봄, 초여름의 숲 , 고운 옷을 갈아입은 가을의 숲 , 시린 찬 바람이 불어오는 겨울의 숲의 계절색을 담은 포레스트 입니다 : ) 

선자령으로 백패킹하며 보았던 산들이 
아주 큰 그림이 되었어요.
누구의 애씀없이 오로지 자연의 힘으로
물들고 지고.. 다시 생기를 얻기를 반복하는, 
이렇게 아무런 이유도 대가도 없이
자연이 주는 것을 누릴 수 있음이 기뻤습니다.
그 숲과 산의 계절색을 담아보았어요.

가까이에 있는 가장 소중한 것들 , 
자연과 삶의 소소한 것들.
당연하지만 결코 당연한 것이 아닌 것들.

일상 가운데 주어지는 당연한 것들에 대한 
감사의 마음으로 제작한 아이에요. 

매일 아침 우리에게 선물처럼 주어지는 것들 ,
값없이 우리가 마음껏 누릴 수 있는 것들에 대한
감사하는 마음은 늘 간직하고 싶은 마음입니다.

그렇게 제가 보고 느끼는 사계절의 숲을 담아보았습니다.
사계를 그대로 느낄 수 있기를.
숲과 나무가 주는 생명력의 쉼이
그대로 전달되기를 바래봅니다.  :-) 



도형은 오각뿔로만 제작 됩니다 🏔️🗻⛰️",3000,"용도 및 제형	| 방향용 / 연소형, 제조자 / 제조국 | 하우올리 / 대한민국",2022-12-27 10:47:17.979,45,2022-12-27 10:47:17.979,0,19
20,핸드메이드,"
🌷

안녕하세요
차근차근 쌓아가는 감정의 기록
‘차차’ 입니다 :)


🌸

착용하다가 끊어지면
소원이 이뤄진다는
소원 팔찌에요!

월별 탄생화의 꽃잎과
각 계절의 색감을 담았습니다

꽃모양으로 엮어
포인트 주기도 좋고
친구들과 우정팔찌로도 좋은
예쁜 색들만 골라봤어요 🥰


✔️

제시된 옵션의 컬러 변경도 가능합니다
(예: 국화 가운데 부분 노란색으로 바꿔주세요)

그 외 커스텀 맞춤 제작도 가능하니
컬러 문의는 메세지 주세요 :)


✔️

자수실로 제작해
물에 젖어도 잘 말라서
착용한 채 샤워해도 괜찮아요!


✔️

둘레길이 약 13~18cm
길이 조절 가능한 매듭으로
프리사이즈로 제작합니다!

손목에 맞게 조인 후 남는 끈은
옆에 끼워서 착용해주시면 되어요

착용법은 상품 사진 참고해주시고
어려움이 있으시다면 문의 주세요☺️


✔️

핸드메이드 제품으로 주문량에 따라
발송까지 1~5일 소요될 수 있습니다!
(주말, 공휴일 제외)

선물용으로 개별표장 요청,
받아보셔야 할 기한이 있으시다면
요청사항 기재 또는 메세지 주세요 :)

**배송은 CJ대한통운으로 발송됩니다**

",3000,"소재 | 실 (면 100%), 제조자 / 제조국 | 차차 / 한국",2022-12-27 10:50:00.081,48,2023-01-06 12:52:07.687,0,20
21,핸드메이드,"NEW 거품 + 탄산 마블링 배쓰밤

신제품 마블랑 배쓰밤은
풍성한 거품 목욕을 즐기고 싶을때는 거품 입욕제로~
예브게 퍼지는 물색상을 즐기고 싶을때는 탄산입욕제로
보습력이 탁월한 올인원 입욕제입니다.


🎁 사용방법	
1. 물을 받지 않은 욕조에 입욕제를 놓아주세요
 2. 수도꼭지로 물을 세게 틀어주세요 
3. 즐겁게 거품목욕 후 물로 가볍게 씻고 타월드라이해 줍니다.

🎁 사용기한 또는 개봉 후 사용기간
제조일로부터 12개월

🎁 용량 또는 중량	
120g, 130g,170g

🎁품질보증기준	
본 제품은 공정거래위원회 고시 소비자분쟁해결기준에 의거 교환 또는 보상받을 수 있습니다",3000,제조자 / 제조국 | 바스토리주식회사/한국,2022-12-27 10:56:26.708,18,2023-01-06 12:52:07.643,0,21
22,핸드메이드,"
🚛 배송안내 🚚

주문 전 마지막 사진 꼭 확인해주세요☝🏻
(토요일 배송 원하시면 메세지 주세요!)

동절기 외에 아이스팩과 상품이 전혀 녹지않은
상태로 배송을 받으시긴 어렵습니다.

스티로폼박스가 아닌 '친환경 종이 보냉박스'에
여름철에는 아이스팩 2개, 겨울철에는 아이스팩 1개를
동봉해서 보내드리고 있으며

제품과 아이스팩이 녹아서 도착하더라도
쇼케이스온도와 비슷하게 유지되어
신선한 상태로 배송되니 안심하셔도 됩니다😃

🐾

원하는 간식으로 선택해서 만드는
🎂우리집 댕댕이 생일상🎂

🍰필수선택🍰
미니멍케이크1P

기본일자초는 랜덤으로 1개 증정
(사진과 다른초로 대체 될 수 있으며
숫자초 등 구매시에는 증정안함)

🍕간식선택(2가지)🍕
미니멍치킨(75g~) 3P
미니멍피자(75g~) 2P
멍김밥(40g~) 4P
멍초코쿠키(60g~) 2P
수제삼색치즈볼(30g~) 3P

간식별로 개별포장되어 나가며
케이크는 닭, 오리, 소, 연어 중 선택 가능합니다.

⚠️알러지관련 문의는 메세지 주세요⚠️

1년에 한 번 뿐인 우리 아이 생일
#오늘,멍밥의 생일파티세트와 함께
더욱 더 특별한 날을 선물해주세요💝
﻿
#오늘,멍밥의 모든 수제간식은
방부제, 첨가제, 색소 등을 넣지 않은
믿고 먹일 수 있는 건강한 수제간식입니다.

* 주원재료 *
케이크(닭/오리/소/연어 등)
치킨(닭/오리/두부/계란 등)
김밥(시금치/당근/파프리카 등)
피자(소/고구마 등)
쿠키(오리/소간 등)
치즈볼(고구마/치즈 등)

* 주의사항 *
생후 3개월이상 급여가능
하루 사료량의 10%정도 급여
(활동량에 따라 조절해주세요)

*유통기한*
냉장7일/냉동30일

* 교환 및 환불 *
주문제작상품의 특성상 단순변심에 의한
교환 및 환불은 불가능 하며
제품에 하자가 있는 경우에는 수령 후
24시간이내에 연락주시면
빠르게 안내 도와드리겠습니다.

",3000,"작품명 | 내맘대로 미니 HBD세트, 제조자 / 제조국 | 오늘멍밥/국산",2022-12-27 10:59:56.010,7,2023-01-06 12:52:07.498,0,22
23,핸드메이드,"🌸 달구벌 수제꽃약과 🌸

밀가루를 곱게체치고 기름을 먹여서
집청과 술로 반죽하고 켜켜이 층을
내고밀어 예쁜 꽃모양을 만든후 기름에
튀기고 집청하여 만든
전통방식 그대로의 진짜 약과

☕️커피, 차와 함께 먹는 간편 간식☕️
🎁부담없이 드리는 가벼운 선물🎁
✨행사/모임 특별한 간식✨

🥮약과크기 선택가능🥮

1. 작은수제꽃약과30개입(300g)
✔️
한 봉지당 두개씩 개별포장되어
총 15봉지에 30개 들어있어요
지름은 3cm정도이고
두께는 1.5~2cm정도
입니다

2. 큰수제꽃약과18개입(300g)
✔️
한 봉지에 한개씩 개별포장되어
총 18개 들어있어요
지름은 4~5cm정도이고
두께는 1~1.5cm정도
입니다

⛔️제품 크기⛔️
135x190x50mm

💝선물포장💝

선물포장 옵션 선택가능
1개 선물포장비
1500원이 추가됩니다

2개선물포장 구매를 원하시면
아이디어스에 ‘달구벌한과 착한’을 검색 후
구매하시면 됩니다

💝선물포장 크기💝

수제꽃약과 1개 선물포장
(140x215x50mm)

⛔️보관방법,소비기한⛔️
1-2주 이내 드실경우
서늘한 실온에 두고 드셔도 좋습니다

한달이내 드실 경우
냉장보관해 주세요

오래두고 드실 경우
냉동보관 후 드시기 1시간전
실온에 꺼내 두셨다 드세요

소비기한-제조일로부터 6개월

❗️알려드립니다❗️

약과에는 밀,계란이 함유되어 있습니다

⛔️배송안내⛔️

✔️작품 사진 맨 뒤에 있는
배송안내 2장을 꼭 확인해주세요!

✔️택배사 -로젠택배(1588-9988)

✔️모든 주문건 1-2일 이내 순차출고됩니다
(평균 배송일- 1~2일)

",3000,"개당 낱개포장 / 점보사이즈 개당 약65g, 7.5*7.5cm",2023-01-07 19:39:46.991,50,2023-01-07 19:39:46.991,0,23
24,핸드메이드,"🚛배송🚛
당일 출고: 오전 11시 이전 주문

전라북도 부안에서
직접 재배한 생오디만을 이용하여
발효 후 1년이상 숙성한
수제와인입니다.

🥇아이디어스 핸드메이드 어워즈 2019년🥇
[수제먹거리] 부문 최우수 작가상 수상

🍇🍇🍇 작품구성 🍇🍇🍇
제철 6월 생오디만을 이용하여 숙성, 발효시킨
내변산 양조장의 '부안참뽕와인'

< 90ml 오디와인 미니어쳐 X 5병 + 포장상자 > 
쇼핑백은 따로 없습니다

와인 오프너 필요 없음(스크류 타입 병뚜껑으로 변경)

유통기한은 없으나 개봉 후 최대한 빨리 드세요
보관은 그늘진 곳에 상온보관

🥃테이스팅 노트🥃
단맛 ■■■□□
신맛 ■■□□□
바디감 ■■□□□
부드러움 ■■■□□
V흑진주색의 푹 익은 검은 과실에 나는 향
V자연스럽고 신선한 단맛이 깔끔. 부드럽고 감칠맛


🍇추천 안주🍇
매콤한 볶음류(낙지볶음, 쭈꾸미볶음)


🍇🍇작품상세 설명🍇🍇
1. 물이 맑은 지역, 전북 부안에서 직접 농사 지은 오디 
2. 작가의 노하우가 담긴 저온 숙성, 발효
3. 전통주를 만들어온 시간 40여년

*직접 농사지은 오디
전북 부안에서 부안의 1급수를 사용하여
직접 농사지은 오디로 와인을 만듭니다.  
부안의 오디는 해풍을 맞고 자라나
단단하며 당도가 높고 품질이 우수합니다.
오디와인은 포도와는 다른 달콤함을
가지고 있습니다. ",3000,"정제수, 오디(국내산)30.44%, 설탕, 효모, 주정, 과당, 구연산 | 90ml / 5병",2023-01-07 19:51:52.167,10,2023-01-07 19:51:52.167,0,24
25,핸드메이드,"곰돌이 투실이입니다~

작은 제품이지만 한땀 한땀 바느질하고 솜넣고

섬세한 작업공정으로 완성되게 됩니다.




작은 사이즈는 가방에 달아 기분을 업해 볼 수 있고

스마트키 또는 에어팟 케이스 홀더로 사용해 볼 수도 있어요~




옵션에서 모자목도리도 선택구매하실 수 있습니다.

크림색은 이미지처럼 핑크도트 원단으로 제작되고,

베이지색상은 옐로우도트 원단으로 제작됩니다.


중사이즈이상 크기는 애착인형으로 홀더 없이 주문주세요~

*
이미지속의 에어팟케이스는 포함되지 않습니다.
*

소재:털빠짐이 없는 고급소재로 폭신하고 엄청 부드러워

만지고만 있어도 힐링되는 사랑스러운 제품입니다.


제품구성:곰돌 투실이 인형 1개


색상:크림색,베이지",3000,"곰돌투실이 키링,키홀더 / 대한민국",2023-01-07 19:57:51.699,20,2023-01-07 19:57:51.699,0,25
26,핸드메이드,"🐰보들보들 말랑말랑한 하찮지만 귀여운 토끼인형🐰
작은 사이즈로 여행 떠날 때 함께할 여행친구용, 애착인형, 선물용으로 추천드려요💕

보드럽고 하얀 털원단으로 토끼와 맞게 만들어졌답니다:)
작은 파우치에도 가방에도 들어가기 쉬운
아담한 사이즈이어서 데리고 나가기 쉬워요.
하얀 토끼라 밋밋해서 아쉽다면
토끼전용 목도리로 따뜻하게 감싸주면
더 따뜻하고 귀여워진답니다❤️


보들보들하고 말랑말랑한 사랑스러운 토끼 어떠신가요? 😊




사이즈 : 약 90x140 mm (± 10mm 오차가 있을 수 있습니다.)


❗목도리의 실이 변경되었습니다🥲
❗️정성들여 하나하나 손으로 제작하는 것으로 모양이 약간씩 다를 수 있으니 참고해주세요!
❗️주문시 제작하므로 2~6일 이내로 발송됩니다!
❗️복슬한 털원단으로 눈과 입 주변이 털에 약간 가려질 수 있어요. 그럴 경우 손으로 살살 쓸어 정돈해주세요!
❗️세탁시 조심스럽게 손세탁해주세요!",3000,제작 / 배송 | 5일 이내 주문 후 제작에 들어가는 작품입니다.,2023-01-07 20:03:57.841,20,2023-01-07 20:03:57.841,0,26
27,핸드메이드,"젤시스슬라임

🛁 SLIME-THERAPY
일상 속 슬라임 테라피 '젤시스슬라임'
향기로운, 촉감좋은 슬라임으로 일상의스트레스를 해소해 드리는 것이 우리의 목표입니다.

-

젤시스슬라임 작가 ❤️좋아요❤️ 하시면, 불시에 진행되는
깜짝 이벤트와 쿠폰을 만나보실 수 있습니다!

-

🎁젤시스슬라임만의 구매 혜택🎁

* 1개만 구매해도 액티베이터(응고제)30ml, 30ml 슬라임 샘플 동봉으로 선물처럼 받아보는 알찬박스!
* 4만원 이상 구매시 무료배송

-

마시밀크
: Marsh-milk, 글루올지글리+점토믹스

- 크림 향
- 바닐라아이스크림 점토, 스프링클(소량), 연유시럽(용해제), 아이스크림콘파츠 1개(선착순300명) 동봉

마시밀크는 귀여운 바닐라 아이스크림 점토를 섞어 더욱 달콤한 비주얼로 즐길 수 있도록 만들었어요 :)
글리세린 시럽을 연유처럼 제작해서 믹스후에 질깃함을 풀어줄때도 컨셉에 딱! 맞는 연유시럽으로 조절하실 수 있습니다. (´ڡ` )
⠀
마시밀크는 마시멜로우와 밀크의 합성어로
믹스 전 본품은 우유와 같은 글루올 지글리에 아이스크림을 섞어주면
마시멜로우와 같이 겉표면은 매트하면서도 푸둥, 쫀득하면서 부드럽게 늘어나는 촉감입니다!
역시 바풍도 팡팡!💘

✨마시밀크 슬라임 만지기 🆃🅸🅿✨
🍼 손에 달라붙어요!
👉🏻 응고제(액티베이터)를 3-5ml 씩 넣어가며 원하는 촉감까지 조절해주세요.
🍼 더 부드러웠으면 좋겠어요!
👉🏻 글리세린 2-3방울로 금방 농도가 풀어집니다! (로션으로 대체가능)

-
❣️배송안내❣️
주문제작 상품으로 예정 된 출고일보다 조금 더 시간이 걸릴 수 있습니다.

💡 출고예정일 (입금완료 기준으로 안내드립니다 ;-D)
평일 오전 11시 이전 주문시 당일 출고를 노력합니다.
슬라임에따라 출고까지 최대 3일 소요 됩니다.
",3000, 작품명 | 슬라임 (작품상세) / 제조자 / 제조국 | SunShine / 대한민국,2023-01-07 20:10:35.890,15,2023-01-07 20:10:35.890,0,27
28,핸드메이드,"봄내음(핑크), 풀내음(그린) 단품 이미지

[사용할 때 주의사항]
	1)피부에 상처, 습진 및 피부염 등의 이상이 있는 부위에는 사용하지 마시오. 2)사용중 피부에 붉은 반점, 부어오름, 가려움증, 자극 등의 이상이 있을 경우 사용을 중지 하시오. 3) 눈에 들어갔을 때는 깨끗한 물로 씻어 주시오. 4) 인체 세정 이외의 목적에는 사용하지 마시오. 5)유, 소아의 손이 닿지 않는 곳에 보관 하시오.


[화장품법에 따라 기재, 표시하여야 하는 모든 성분]
소듐라우릴설페이트, 정제수, 수크로오스, 글리세린, 소듐하이드록사이드, 라우릭애씨드, 다이소듐라우레스설포석시네이트, 솔비톨, 향료, 마이카.",3000,품질보증기준 | 관련 법 및 소비자 분쟁 해결 기분에 따름,2023-01-07 20:18:39.701,30,2023-01-07 20:18:39.701,0,28
29,핸드메이드,"기본에 충실한, 최소한의 재료들로 최상의 비누를 만듭니다.

자연이 만든 재료 이외의 것을 사용하지 않습니다.

과대포장을 지양하고 환경을 생각합니다.

합성 색소를 사용한 디자인 비누 생산을 지양합니다.

합성 향료 사용을 지양합니다.


🎂2021년 판매1위🎂
🎂2022년 판매1위🎂

*50개 이상 주문 시
이미지 하단에 이름 및 상호 삽입가능합니다.
*대량 구매 시
영업일 기준 10일전에 주문 해주세요.
대량구매가 많아 소량도 배송지연될 수 있습니다.
꼭 필요한 날짜가 있으시면 배송메세지에 기재해주세요.
*폴리백 포장없이 상품만 배송됩니다.


손씻기가 무엇보다 중요한 요즘

드디어 르베르다 휴대용 비누가 나왔습니다.

기존에 판매되던 비누를 휴대용기에 넣어 출시해도 되지만

휴대용비누는 일반 비누와 다른 특성을 가지고 있기에

고민이 깊었어요.

휴대하기 좋도록 단단하고

물기가 있는채로 뚜껑을 닫아 보관해도 되고

적은면으로 많은 거품을 낼 수 있는 비누가 뭘까

세탁비누부터 하나씩 테스트하며

장단점을 찾았어요.

그렇게 개발된 게 이 밀크코코넛솝입니다.

코코넛카스틸이기에 단단하고

손비누에 알맞은 세정력을 갖췄어요.

자칫 건조하게 느낄 수 있는 코코넛 비누이기에

수상을 우유로 잡아 촉촉함을 더했고요.

열악한 실외환경에서도 기분을 좋게해 줄

바닐라 에센셜오일을 첨가했어요.

물 묻은 손에 스틱비누 살살 비비시고

탈탈 털어 뚜껑 닫아 휴대하시면 됩니다.

여행, 운동 시 세안 겸용으로 쓰기 좋습니다.
(비누를 끝까지 돌려 뺀 후 더 넓은 면으로 비누 사용하시고
다시 넣어 휴대용으로 사용하시면 됩니다.)


-휴대 시 고온, 과습에 유의하세요.
-비누 디자인을 위한 합성색소 사용없음
-전성분:
코코넛오일, 우유, 바닐라에센셜오일
-용량: 약 15g
-크기: 약7.5x4cm
-FSC(FSC-C150995) 인증을 획득한
친환경포장재와 종이테이프 사용",3000,용량 또는 중량 | 상세페이지에 기재,2023-01-07 20:25:10.920,10,2023-01-07 20:25:10.920,0,29
30,핸드메이드,"♡

은은함과 고객님의 센스가 뭍어나는
내 마음대로 원하는 글귀를
각인할 수 있는
세상에 하나밖에 없는,
<나만의 포켓 각인 손거울>입니다.

고급스러운 3가지 색상들과 디자인이
매력적인 손거울이에요:)

한 제품당 두가지의 거울이 들어있어요!
위에는 확대거울
아래쪽은 일반거울로 구성되어 있답니다:)

크기와 무게도 작고 가벼워서
언제 어디서나 들고 다녀도
전혀 부담스럽지 않은 손거울이에요!♥

원하는 각인을 추가해서
나만의 손거울을 만들어보세요:)

깔끔한 레이져기법으로
직접 손수 작업하여
정성스레 제작합니다.


🌿


-

▪️재질▪️
-메탈


▪️컬러▪️
- 실버, 로즈골드, 골드- 3color


▪️사이즈▪️
- 70*70(mm)


▪️주문방법▪️

- 옵션을 선택하시고,
주문하실때에 ""주문 요청사항""에
원하시는 문구 혹은
그림을 선택&입력해서 주문해주세요!

문구가 길 경우,
단을 나누는 표시는 꼭 '/'(슬래시)로 해주세요!
2줄 예시) 오늘도/행복하자


* 문구길이 제한은 없어요 :)
글자가 길어질 수록 단이 나눠지거나
폰트크기가 작아져요 ^^

* 9~12번폰트의 한글,숫자는 기본윈도우체입니다^^

* * 특수한 이모티콘을 각인하고 싶으신 경우에
메세지로 편하게 문의주세요. 💛

* * 수량이 2개이상이시면 명시를 해주셔야해요 :)

* * 각인이 불가한 그림도 있기에,
메세지로 문의주세요^^
라인(드로잉)형태의 흰바탕에 검은선으로
되어있는 이미지만 가능하답니다! :)
(사진은 각인이 불가해요!)


▪️배송기간▪️
제작 기간은 보통 주말 및 공휴일 제외 2~4일 소요되십니다.

혹시 기한이 있으시면 우선 작업하여 최대한 기한 내에 맞춰드리고 있습니다 :) ♥

* *
부자재 특성상 겉면에 미세한 잔기스, 찍힘 현상이 있을 수 있습니다.
이는 불량 사유에 해당되지 않으니 이점 참고하시고 주문 부탁드릴게요 ♥ ♥ ♥
_
",3000,품질보증기준 | 상세설명참조 / 제조자 / 제조국 | SunShine / 대한민국,2023-01-07 20:28:48.671,10,2023-01-07 20:28:48.671,0,30
31,노하우,"[1회차]

00 태블로 대시보드 종류 
-Sheet/Dashboard/화면 사이즈 측정 

01 태블로의 간단 연결방법 
-SQL/CSV

02 데이터 타입
-Date
-String
-Integer
-T/F
-AGG() 적용 불가 타입 
-Pages

03 필터 적용
-필터 종류 / 위치 
-날짜 필터 T/F

04 대시보드 레이아웃 요약 
-전체화면


가. 레슨 환불기준 원칙
학원의 설립/운영 및 과외교습에 관한 법률 제 18조(교습비 등의 반환 등)
- 학원설립, 운영자, 교습자 및 개인과외교습자는 학습자가 수강을 계속할 수 없는 경우 또는 학원의 등록말소, 교습소 폐지 등으로 교습을 계속할 수 없는 경우에는 학습자로부터 받은
교습비를 반환하는 등 학습자를 보호하기 위하여 필요한 조치를 하여야 한다.

1. 레슨을 제공할 수 없거나, 레슨 장소를 제공할 수 없게 된 날 : 이미 납부한 레슨비 등을 일한 계산한 금액 환불

2. 레슨기간이 1개월 이내의 경우
- 레슨 시작전 : 이미 납부한 레슨비 전액 환불
- 총 레슨 시간의 1/3 경과전 : 이미 납부한 레슨비의 2/3에 해당액 환불
- 총 레슨 시간의 1/2 경과전 : 이미 납부한 레슨비용의 1/2에 해당액 환불
- 총 레슨시간의 1/2 경과후 : 반환하지 않음

3.레슨 기간이 1개월을 초과하는 경우
- 레슨 시작전 : 이미 납부한 레슨비 전액 환불
- 레슨 시작후 : 반환사유가 발생한 당해 월의 반환 대상 레슨비(레슨비 징수기간이 1개월 이내인 경우에 따라 산출된 수강료를 말한다)와 나머지 월의 레슨비 전액을 합산한 금액 환불

* 총 레슨 시간의 레슨비 징수기간 중의 총레슨시간을 말하며, 반환 금액의 산정은 반환 사유가 발생한 날까지 경과 된 레슨시간을 기준으로 함",0,연락 가능 시간: 25시 ~ 25시,2023-01-07 20:35:17.703,5,2023-01-07 20:35:17.703,0,31
32,노하우,"전문가 이력
학력 전공
Columbia University·Applied Linguistics·졸업

보유 자격증
TOEIC·2009.02·한국 TOEIC 위원회

경력 사항
프리랜서·10년.1개월
광운대학교·교양학부·교양 영어·7년.2개월

- PDF 자료집  & 사전과제
- 사전과제 피드백
-  답변첨삭 & 발음교정
-  30분 수업

Last Second 면접
(온라인)
",0,연락 가능 시간: 25시 ~ 25시,2023-01-07 20:37:35.939,5,2023-01-07 20:37:35.939,0,32
33,노하우,"[커리큘럼]
1회차 : 
본 과외는 수강생이 배우고 싶은 디자인 스킬 구성으로 1회성으로 종료됩니다.

1인 서비스에 필요한 핵심 디자인
1인 서비스에 필요한 핵심 디자인 1:1 레슨입니다.
1회당 레슨시간 (분) 60분
레슨 횟수

[취소 및 환불 규정]
가. 레슨 환불기준 원칙
학원의 설립/운영 및 과외교습에 관한 법률 제 18조(교습비 등의 반환 등)
- 학원설립, 운영자, 교습자 및 개인과외교습자는 학습자가 수강을 계속할 수 없는 경우 또는 학원의 등록말소, 교습소 폐지 등으로 교습을 계속할 수 없는 경우에는 학습자로부터 받은
교습비를 반환하는 등 학습자를 보호하기 위하여 필요한 조치를 하여야 한다.

1. 레슨을 제공할 수 없거나, 레슨 장소를 제공할 수 없게 된 날 : 이미 납부한 레슨비 등을 일한 계산한 금액 환불

2. 레슨기간이 1개월 이내의 경우
- 레슨 시작전 : 이미 납부한 레슨비 전액 환불
- 총 레슨 시간의 1/3 경과전 : 이미 납부한 레슨비의 2/3에 해당액 환불
- 총 레슨 시간의 1/2 경과전 : 이미 납부한 레슨비용의 1/2에 해당액 환불
- 총 레슨시간의 1/2 경과후 : 반환하지 않음

3.레슨 기간이 1개월을 초과하는 경우
- 레슨 시작전 : 이미 납부한 레슨비 전액 환불
- 레슨 시작후 : 반환사유가 발생한 당해 월의 반환 대상 레슨비(레슨비 징수기간이 1개월 이내인 경우에 따라 산출된 수강료를 말한다)와 나머지 월의 레슨비 전액을 합산한 금액 환불

* 총 레슨 시간의 레슨비 징수기간 중의 총레슨시간을 말하며, 반환 금액의 산정은 반환 사유가 발생한 날까지 경과 된 레슨시간을 기준으로 함",0,연락 가능 시간: 10시 ~ 23시,2023-01-07 20:40:25.587,10,2023-01-07 20:40:25.587,0,33
34,노하우,"[커리큘럼]
1회차
아이스 브레이킹
영상편집의 이론
프프와 친해지기 (실습영상 컷편집, 자막 삽입 및 디자인, BGM 및 효과음 삽입, MP4파일로 영상 렌더링)

2회차
* 1회차 수업복습*
프프와 절친되기 (트랜지션 효과 넣기, 프프의 다양한 오류 미리 알기 등)
프프와 찐친되기 (편집 실무자의 컷편집 시간 단축 꿀팁, 프프의 툴들과 친해지기)
아무도 알려주지 않는 유튜브 시작 전 알아야 할 필수사항
질의응답시간",0,연락 가능 시간: 25시 ~ 25시,2023-01-07 20:43:20.001,10,2023-01-07 20:43:20.001,0,34
35,취미/특기,"🚚 준비물 키트는 주문후 1~3일 이내로 발송됩니다. (주말/공휴일 제외)

🎁 클래스 구성 🎁

• 정자체의 기본 ‘선 그리기’
• 기본 모음부터 ‘아야어여오요우유으이’
• 자음을 더해 ‘가나다’부터
• 받침 연습
• 간단한 단어 연습
• 일상 문구를 통한 문장 연습

여러분들의 글씨는 지금 어떤가요?
컴퓨터와 핸드폰으로 인해
손글씨는 얼마나 쓰고 계신가요?✍

종이와 펜만 있으면 언제 어디에서든
예쁜 손글씨 정자체로 원하는 곳에
글씨를 멋지게 쓰실 수 있습니다.

이번 온라인 클래스에서
글씨의 기초부터 장문 연습을 통하여
다양한 글쓰기를 통해 글씨 교정과
손글씨를 통한 힐링까지 함께 즐겨보아요 :)

📍 선 그리기 📍

정자체의 가장 기본!
준비된 펜과 함께
기본 획과 친해지는 시간입니다.

기본 획은 자음과 모음에서
가장 중요하기에 세로획과 가로획을 익혀보아요.",0,"상품 수령 후, 7일 이내라도 단순 변심에 의한 경우 왕복 택배비가 발생될 수 있습니다.",2023-01-08 14:06:03.200,30,2023-01-08 14:06:03.200,0,35
36,취미/특기,"🎁 클래스 구성 🎁

• 테마별 실전 촬영 기법
• 컷 편집, BGM, 효과음, 자막 삽입
• 색감 보정, 트랜지션, 템플릿 효과 적용
• 인/아웃트로 제작

📍 블로(VLLO)로 브이로그 만들기 📍

😥 복잡하고 어려운 편집 프로그램
익힐 시간이 없으신 분
😎 스마트폰 편집이더라도
퀄리티 있는 영상을 만들고 싶으신 분

하루 10분🔥 스마트폰 하나로
감성적인 브이로그를 만드실 수 있어요. 💛


단순 정보성 공유가 아닌
이 클래스 하나로!
⭐️PC 편집 프로그램 못지않은
퀄리티의 영상⭐️을 제작하는 것이
이번 클래스의 목표입니다.

실제 유튜브 편집자로
활동하며 얻은
모든 노하우를 알려드릴게요. 🔥",0,"상품 수령 후, 7일 이내라도 단순 변심에 의한 경우 왕복 택배비가 발생될 수 있습니다.",2023-01-08 14:11:53.863,20,2023-01-08 14:11:53.863,0,36
37,취미/특기,"🎉 클래식 펜화 오픈 🎉

심화내용인 투시원근법에 대해 배우고,
해바라기 꽃병, 강아지, 비 오는 창밖의 풍경 등
다양한 주제를 함께 그려봅니다😊

클래식 펜화 1탄 수강생분들,
난이도 있는 수업을 원하시는 분들 모두
클래스에서 '나디아'를 검색해 주세요❣

✏️ 클래스 구성 및 소요 시간 ✏️

• 펜 드로잉의 기초
• 카페 건물 펜드로잉
• 3가지 종류의 나무 드로잉
• 나무와 집이 있는 풍경 펜드로잉
• 펜으로 표현하는 다양한 자연물
• 멋진 여행지 풍경 펜드로잉
• 선물로 좋은 액자에 펜 일러스트 넣기

✔ 오프라인 수업 기준으로 8주 정도 소요되는 과정입니다.

💡 클래식 펜화란?

일상에서 차분히 집중하는 시간을 통해 선을 하나하나 중첩하고, ‘펜’이라는 재료 본연의 특징 그대로 살려 고전적인 느낌을 내는 펜드로잉 입니다 ✍🏻",0,"상품 수령 후, 7일 이내라도 단순 변심에 의한 경우 왕복 택배비가 발생될 수 있습니다.",2023-01-08 14:16:08.226,30,2023-01-08 14:16:08.226,0,37
38,취미/특기,"🎁 클래스 구성 및 소요 시간 🎁

• 스티치 샘플러
• 보태니컬 식물 액자
• 화병 책갈피 (2종류)

✔오프라인 수업 기준으로 5주 정도 소요되는 과정입니다.

반짝이는 비즈와
색감 고운 자수실을 사용해서
나만의 아름다운 식물을 수놓아요.

바늘이 원단을 통과하는
‘스르륵~’ 소리에 집중하다 보면
어느새 예쁜 식물들이 손끝에서
피어있을 거예요.

완성한 작품은 아름다운
인테리어 소품과
책갈피로 활용하며 시들지 않게
오래오래 보실 수 있어요. 🙂",0,"상품 수령 후, 7일 이내라도 단순 변심에 의한 경우 왕복 택배비가 발생될 수 있습니다.",2023-01-08 14:18:33.815,20,2023-01-08 14:18:33.815,0,38
39,취미/특기,"🎁 클래스 구성 🎁

[연습하기]
• 필압을 이용한 채색법, 명도 단계 채색법
• Color tone 이해와 그라데이션
• 블랜딩과 다양한 피부 톤 조합

[요소 그리기]
• 트레싱지 기법으로 스케치하기
• 눈 : 쿨톤의 정면 눈, 웜톤의 반측면 눈
• 코 : 입체적인 정면 코, 반측면 코
• 입술 : 볼륨감 있는 정면 입술, 반측면 입술
• 머리카락 : 숏컷 남자, 롱헤어 여자

[인물 그리기]
• 고혹적인 반측면 인물 완성하기

✨ 색연필 극사실 인물화의 매력 ✨

'색연필 극사실 인물화'는
인물의 색감과 분위기를 보다 정교하고
감각적으로 표현하는 작업이에요.

색연필이라는 간단한 재료로,
인물을 더 입체적으로 표현한다는 점이 매력적이죠.

📍 연습하기 📍

필압을 이용한 색연필 채색법을 배우고,
명도를 단계별로 채색해 볼게요.

또한 웜톤, 쿨톤 등의 Color tone과
자연스러운 그라데이션, 블랜딩 기법을 배웁니다.

피부 톤에 어울리는 색 조합과
매끄러운 피부 연출법을 익힐 수 있습니다.",3000,"상품 수령 후, 7일 이내라도 단순 변심에 의한 경우 왕복 택배비가 발생될 수 있습니다.",2023-01-08 14:21:18.509,20,2023-01-08 14:21:18.509,0,39
40,취미/특기,"🎁 클래스 구성 및 소요 시간 🎁

• 연습 수업- 체리 멀티 참 (1시간)
• 방울토마토 (20분)
• 버섯 (30분)
• 당근 (30분)
• 순무 (1시간 30분)

👉🏻 태교 클래스로도 good!
👉🏻 키링이나 방꾸미기 소품으로도 good!
👉🏻 아이 주방놀이 장난감으로도 good!
👉🏻 애견 장난감으로도 good!
👉🏻 선물용으로도 good!

활용만점 코바늘 클래스 함께해요 💕
",3000,"상품 수령 후, 7일 이내라도 단순 변심에 의한 경우 왕복 택배비가 발생될 수 있습니다.",2023-01-08 14:23:48.958,30,2023-01-08 14:23:48.958,0,40
41,취미/특기,"🎁 클래스 구성 및 소요 시간 🎁

• 우드리스 도어벨 (30분)
• 튤립리스 행잉 (30분)
• 미니 도어벨 (15분)
• 보너스! 플라워 키링 (15분)


📢 옐로우, 핑크, 라벤더 중  랜덤 발송됩니다.

📢 조화 모티브는 수급에 따라
비슷한 디자인으로 변경될 수 있습니다.

📢 미니 도어벨과 키링 참 장식 컬러는 랜덤 발송입니다.
원하시는 컬러가 있을 경우, 작가 메시지로 말씀해 주세요!

🎁 베이직 패키지(안개꽃) 67,000원

• 우드링 (4cm, 6cm, 14cm, 16cm 각 1개씩)
• 우드볼 (13mm, 15mm 각 1개씩)
• 골드볼 구슬 (15mm 2개)
• 실 묶음 (4묶음)
• 종 (2개)
• 데코 리본 (4묶음)
• 튤립 조화 (3개)
• 유칼립투스 조화 (1개)
• 안개꽃 가지 조화 (1개)
• 걸이용 실 (약 30cm, 1묶음)
• 키링 고리 (약 3cm, 1개)
• 록타이트401 접착제 (20g, 1개)

🎁 더블 패키지(안개꽃) 97,000원
(재료가 2배로 들어있는 더블 패키지입니다.)

• 우드링 (4cm, 6cm, 14cm, 16cm 각 2개씩)
• 우드볼 (13mm, 15mm 각 2개씩)
• 골드볼 구슬 (15mm 4개)
• 실 묶음 (8묶음)
• 종 (4개)
• 데코 리본 (4묶음)
• 튤립 조화 (6개)
• 유칼립투스 조화 (2개)
• 안개꽃 가지 조화 (2개)
• 걸이용 실 (약 30cm, 2묶음)
• 키링 고리 (약 3cm, 2개)
• 록타이트401 접착제 (20g, 1개)",3000,"상품 수령 후, 7일 이내라도 단순 변심에 의한 경우 왕복 택배비가 발생될 수 있습니다.",2023-01-08 14:27:09.069,30,2023-01-08 14:27:09.069,0,41
42,취미/특기,"🎁 아이디어스 클래스 구성

• 별빛 프레임 목걸이
• 우주 스마트톡
• 바다 조각 책갈피
• 동백꽃 귀걸이
• 사진 네임택
• 하트 쉐이커

초보자라면 누구나 편하게 접근할 수 있는
총 6개의 아이템들을 함께 만들어 볼 예정입니다.

반짝이고 만드는 것을 좋아하는 분들에게
최고의 취미가 되어줄 레진공예를 소개합니다😚💝

레진에 대해 전혀 몰랐던 분들도
쉽게 따라하실 수 있도록 수업을 구성하였으니,
처음 시작하시는 분들도 걱정말고 함께해요❣

그동안의 유튜브를 제작한 경험을 가지고
제가 직접 기획하고 제작한 수업 영상으로 준비했어요.
많은 관심 부탁드려요 🙆🏻‍

📍별빛 목걸이📍

레진이라는 재료에 익숙해지는 시간입니다.
UV자외선을 이용하여 굳히는 레진을 조색해보고,
간단하고 예쁜 목걸이를 만들어보겠습니다.


📍우주 그립톡📍

우주의 신비로운 분위기를 표현할 수 있는
펄 조색방법과 마블링 표현방법을 배우고,
나만의 문구를 넣어 우주 그립톡을 제작해보겠습니다.",3000,"상품 수령 후, 7일 이내라도 단순 변심에 의한 경우 왕복 택배비가 발생될 수 있습니다.",2023-01-08 14:33:15.786,0,2023-01-08 14:33:15.786,0,42
43,취미/특기,"이번 클래스는 아메리칸 & 컨티넨탈 두 방식을 사용하여,
13가지 뜨개 기법을 배우실 수 있도록 준비했습니다.

뜨개질의 기초부터 심화 과정,
그리고 저만의 팁까지 더해 알차게 구성했으니,
다양한 난이도를 경험하실 수 있을 거예요🙏

✔️아이디어스 온라인 클래스 구성

‘선물용으로도 좋은 선인장 소품’
‘내 머리에 꼭 맞는 비니’
‘아날로그한 감성이 매력적인 손모아장갑’
‘볼록한 뒤꿈치가 포인트인 귀여운 발목 양말’

따뜻하면서도 질리지 않는,
느린멜로디만의 색감으로 4가지 작품을 구성했답니다.",3000,"상품 수령 후, 7일 이내라도 단순 변심에 의한 경우 왕복 택배비가 발생될 수 있습니다.",2023-01-08 14:37:11.451,30,2023-01-08 14:37:11.451,0,43
44,취미/특기,"✔️아이디어스 온라인 클래스 구성

· 감정 꽃다발 만들기
· 감정을 녹여낸 꽃 그리기

수채화의 가장 기초이면서 중요한 포인트인 물 번짐 기법부터, 예쁜 꽃을 완성하는 것까지 배우실 수 있습니다

✔️이런 분들에게 추천해 드립니다!

· 수채화 기초를 배우고 싶은 분
· 바쁜 일상에 지쳐 힐링이 필요한 분
· 나의 그림으로 인테리어하고 싶은 분
· 수채화 응용기법을 배우고 싶은 분
· 혼자서도 자유롭게 수채화로 그려보고 싶은 분
· 컬러테라피 효과를 알아보고 싶으신 분

📍 감정의 정리 : 감정 체크리스트를 통한 일기쓰기📍

감정 체크리스트를 통해
나는 무슨 생각을 하고 있고,

어떤 감정을 놓치고 있었는지
차근차근 되짚어 보며
정리하는 시간을 가집니다.",3000," 상품 수령 후, 7일 이내라도 단순 변심에 의한 경우 왕복 택배비가 발생될 수 있습니다.",2023-01-08 14:47:22.264,10,2023-01-08 14:47:22.264,0,44
45,취미/특기,"🎁 클래스 구성 및 소요 시간 🎁

· 기초 수업 : 도구들의 이름과 사용법, 가죽공예에 대한 기초부터 염색법, 마감하는 법까지의 기초 내용을 다룹니다.
· 그립톡 만들기
· 핸드 스트랩 만들기
· 백참 만들기
· 동전 반지갑 만들기
· 미니백 만들기
· 보너스 수업 : 패턴 변형 법 배우기

가죽공예가 처음인 분들도 충분히 따라 하실 수 있게
가장 많이 쓰이며 기본적인 새들 스티치, 망치질 등 기초부터
각인과 염색 등 다양한 기술들을 배우게 됩니다.

그리고 기초 방법들을 적용한 소품부터
가죽공예의 마지막 입체 작품,
미니백도 만들어볼 예정이랍니다.

📍 기초 수업 📍

함께 할 도구들의 이름과 용도 등에 대해 배워봅니다.
가죽공예에서 쓰이는 가죽의 종류, 그 가죽들의 특징과 차이점에 대해 알아볼 예정입니다.
가죽의 차이를 알면 본인의 기호에 따라 선택해서 사용할 수 있습니다.
또한 가장 기본인 새들 스티치 방법을 익혀봅니다.",3000,"상품 수령 후, 7일 이내라도 단순 변심에 의한 경우 왕복 택배비가 발생될 수 있습니다.",2023-01-08 14:49:57.506,20,2023-01-08 14:49:57.506,0,45
46,핸드메이드,"
""Bella, you're so special""
Dear,belle


♥탄생석 팔찌 & 발찌 심플체인 (로즈골드.ver / 12 color)♥


탄생석을 가지고 있으면
행운이 따라다닌데요 :)

항상 하는 일 잘 되셨으면 하는 마음에
팔찌 & 발찌로 제작하였답니다

가볍고 세련된 포인트가 되어요

연령에 상관 없이 모두 잘 어울린답니다
소중한 사람을 위한 선물로 추천드립니다
굿 초이스 하세요ෆ


color
로즈골드

size
팔찌 14+3cm(여유체인)
발찌 20+3cm(여유체인)

meterial
신주, 큐빅

option
신주체인 / 써지컬체인

attention
펜던트 & 신주체인은 도금제품입니다
사용 후 비닐백에 보관해주세요
도금은 물, 땀, 공기에 약하니 참고해주세요

써지컬스틸은 의료용 도구에 사용되는 금속으로
물에 닿아도 변색이 되지 않으며,
니켈 함량이 낮아 다른금속에 비해
알러지 반응이 거의 없습니다

개인에 따라서 도금에 알러지 반응이 나타날 수 있습니다",3000,"디어벨의 모든 악세사리는 알레르기 방지 처리가 되어있으나, 개인에 따라서 알레르기가 발생할 수 있습니다.모든 도금제품은 열, 습기, 땀에 약하니 착용 후 반드시 부드러운 천으로 닦은 후 지퍼백에 보관 바랍니다.물이 최대한 닿지 않게 주의바랍니다.",2023-01-08 14:53:48.938,30,2023-01-08 14:53:48.938,0,46
47,핸드메이드,"🤗쿠폰안내🤗
❤️작가 하트를 눌러주신 분들께
매월 초 퍼니메이드 할인쿠폰 보내드려요❤️

각인주문건은 평일기준 3~4일 정도 후 출고됩니다
주문시 유의해주시길 바랍니다.

▶각인 관련 가이드는 아래를 꼭 확인해주세요◀

🙌🏻각인할 ""문구는 반드시"" 배송 요청사항에 적어주세요!🙌🏻
✔️각인위치 및 서체는 예시처럼만 가능합니다!✔️
✔️어두운색상 제품은 레이저각인 특성상
각인이 잘 안보일수도 있습니다. 이부분으로 인한 교환/반품은 불가합니다!✔️

💖예시 : 바닐라 크림 - 엄마 사랑해♥ / 소프트 블루 - 아빠 사랑해♥
2개 이상 구매 시 위와 같이 문구 부탁드려요!
특수문자는 ♥ or ★ 처럼 기본만 가능합니다 : )


※각인 안내사항※
문구는 띄어쓰기 포함 한글 30자 / 영문 45자 내로 부탁드려요 (한문, 불어 안되요 ㅠ.ㅠ)
가로로 1줄로만 작업 가능합니다 (2줄이상 작업불가!!!)
영문 폰트로 한글 문구 작업 불가❌
남겨주신 문구 그대로 작업해드립니다.


😀


네모 반듯한 스퀘어 타입의
자꾸만 만져보고 싶은 텍스쳐

기본에 충실한 미니멀한 디자인
두 개의 자석을 이용한 개폐 방식

내부 공간이 넓어 무려
펜 35자루 정도까지
들어갈 넉넉한 수납력


😀


꼭 펜이 아니어도 안경이나
간단한 소지품 넣기도 간편!

언제 어디서든 발생할 수 있는
수분 공격을 이겨내는
생활 방수 양면 가죽 원단으로 제작

고급스러운 가죽 텍스처면서
오염과 수분에 강한 내구성


🎨색상
바닐라 크림
로맨틱 핑크
체리 핑크
밀크 바이올렛
라이트 그레이
머드 베이지
소프트 블루
포레스트 그린


📏사이즈
18 x 6.5 x 5.5 (cm)


👜소재
Synthetic leather
Magnet


📦
대한통운 택배(평균배송 1~3일)


✔주의사항✔
* 모니터 해상도에 따라 색상 차이가 있을 수 있습니다.
* 오염 시 가죽전용 클리너로 오염부위만 가볍게 닦아주세요.

",3000,제조자 / 제조국 | 상세페이지 기재 / 품질보증기준 | 상세페이지 기재,2023-01-08 14:57:11.831,30,2023-01-08 14:57:11.831,0,47
48,핸드메이드,"*전체 컬러 리뉴얼 되었습니다 !
*배송 메시지에다 원하는 이니셜 1~4자를 기입해주세요-!
이니셜을 기재해주시지않으신다면, 작업없이 제작후 발송됩니다💓

5글자 이상&양면 작업 시 옵션에서 추가 선택 부탁드려요🙏🏼

*선물 포장 박스에는 최대 5개의 집게핀까지 들어갑니다!

한글 / , ~ @ 등과 같은 특수기호는 불가능합니다
영문 . * ! ? 🖤 만 가능합니다

+이니셜작업은 판에 직접 새기는 각인작업이 아닌,
이니셜 스티커 부착 후 레진으로 마무리됩니다!
레진 특성 상 육안으로 투명한 부분이 보일 수 있습니다🙏🏻

〔컬러풀 데이즈 집게핀〕

일반 아크릴이 아닌 고급 소재인 셀룰로오스로
제작된 집게핀들입니다:) 셀룰로오스 소재만이 주는 고급스러움이 있는 것 같아요!

가볍게 전체 올림머리를 사용하기 원하신다면 이 사이즈 추천드려요 :D
은은한 듯 하면서도 포인트 컬러로 알록달록 물든듯한 집게핀은 총 9종류입니다
집게 부분도 사각이여서 집기 편해요

색감 실물 깡패라는 말이 바로 이 colorful days 집게핀이에요
이름이 colorful days인 이유는 알록달록한 다양한 색감들의 핀처럼
당신의 하루를 컬러풀하게 칠해줄 것 같아서 colorful days라는 이름을 지었답니다

여기에 내 이니셜이 적힌 세상에 단 하나뿐인!
나만을 위한 집게죠
녹챠방의 핀이 특별한 이유랍니다 ☺

또는 특별한 선물이 필요하실 때
이니셜 또는 문구로도 제작이 되니
선물로도 추천드리고 싶은 집게랍니다 ୨୧

집게 사이즈는 평균 11.5cm정도로 어깨 까지 닿는
중간 머리 기장의 보통 숱분들은 올림머리 가능합니다!

🤍총장
- 전체 크기 약 11.5cm

🤍배송 기간
- 주문일기준 최소3일-최대 14일정도 생각해주셔야한다는 점 꼬옥! 숙지부탁드립니다💛
(부자재 입고사정에따라 최대3주)

🤍교환/환불
-교환/환불은 7일 이내 작가메세지로 연락주실 경우 가능하나 이니셜 등 1:1커스텀으로 제작되는 작품은 교환/환불이 불가합니다

",3000,"품질보증기준 | 교환/환불은 7일 이내 작가메세지로 연락주실 경우 가능하나, 이니셜 등 1:1 커스텀으로 제작되는 작품은 교환/환불이 불가합니다.",2023-01-08 15:00:56.110,30,2023-01-08 15:00:56.110,0,48
49,핸드메이드,"🙆‍♀️🎁🙆‍♂️
소중한 선물이 되시길 바라요💕


🌼🌻🌹
소중한 사람에게 선물하세요
.
.
❤️❤️❤️

쨍한 파스텔 컬러감이 돋보이는 니니 카드지갑입니다.
명함 지갑의 구성으로
카드부자이신 분들! 사용하기 정말 좋아요
니니지갑을 구매하시면 귀여운 스트랩이 달린
열두 달 탄생화 키링을 드린답니다 :-)
선물하시는 분이 마음을 전할 수 있도록
카드도 같이 넣어드려요



💐
당신의 탄생화는 무엇인가요?
열두 달, 아름다운 탄생화가 새겨진
영롱한 탄생화 나비키링을 골라주세요


1월 수선화 _ love me self
2월 물망초 _ 언제나 당신을 기억할게요
3월 데이지 _ 명량하고 순수한 당신에게
4월 벚꽃 _ 당신이 세상에서 제일 아름다워요
5월 라일락 _ 당신에게 자꾸만 싹트는 사랑
6월 장미 _ 당신을 열렬히 사랑합니다
7월 해바라기 _ 당신만을 바라볼게요
8월 프리지아 _ 언제나 당신을 응원합니다
9월 한련화 _ 변덕쟁이 당신, 그래도 사랑해
10월 무궁화 _ 당신의 꽃이 피기를
11월 흰동백 _ 당신에게 전하는 비밀스러운 사랑
12월 목화 _ 엄마의 사랑만큼 변치 않을게요


탄생화의 의미는 디랩에서 각색한 의미입니다


<제품구성>
정면의 2개의 카드칸과 뒷면의 카드칸이 있으며
중앙의 지퍼포켓으로 동전 수납이 가능합니다.
내부에는 넉넉한 명함, 카드칸과 시크릿포켓으로 구성되어 있습니다.",3000,품질보증기준 | 구입 후 1년 이내 무상수선을 지원합니다.,2023-01-08 15:04:35.647,30,2023-01-08 15:04:35.647,0,49
50,노하우,"취소 및 환불 규정
가. 기본 환불 규정 
1. 작업 진행 전일 경우 전문가와 의뢰인 상호 협의하에 청약 철회 및 환불이 가능합니다. 
2. 작업 진행 후 의뢰인의 단순 변심으로 인한 환불 요청은 제한될 수 있습니다. 
3. 작업이 완료된 이후 또는 자료, 문서 등 서비스가 제공된 이후에는 환불이 불가합니다. (소비자보호법 17조 2항의 5조. 용역 또는 「문화산업진흥 기본법」 제2조제5호의 디지털콘텐츠의 제공이 개시된 경우에 해당) 

나. 전문가 책임 사유 
1. 전문가의 귀책사유로 당초 약정했던 서비스 미이행 혹은 보편적인 관점에서 심각하게 잘못 이행한 경우 결제 금액 전체 환불이 가능합니다. 

다. 의뢰인 책임 사유 
1. 서비스 진행 도중 의뢰인의 귀책사유로 인해 환불을 요청할 경우, 사용 금액을 아래와 같이 계산 후 총 금액의 10%를 공제하여 환불합니다. 
- 총 작업 진행량의 1/3 경과 전 : 이미 납부한 요금의 2/3해당액 
- 총 작업 진행량의 1/2 경과 전 : 이미 납부한 요금의 1/2해당액 
- 총 작업 진행량의 1/2 경과 후 : 반환하지 않음 
2. 작업 진행 중 의뢰인의 폭언, 욕설 등이 있을 경우 작업은 종료될 수 있으며 환불이 제한될 수 있습니다.

수정 및 재진행
- 추가 수정에는 추가 컨설팅 비용(시간 당 35,000원)이 발생합니다. 
- 작업 시작 후 취소에 대해서는 환불이 불가하며 중도 취하 시 이미 진행된 컨설팅 비용(시간 당 35,000원)을 계산해 견적 드립니다.",3000,연락 가능 시간: 10시 ~ 16시,2023-01-08 15:13:12.589,10,2023-01-08 15:13:12.589,0,50
51,노하우,"요즘은 하고 싶은 거 하며,
돈도 버는 시대라는데
이젠 '하고 싶은 일' 과 '돈 잘 버는 일' 중 하나를 선택해야 하는 시대는 지났습니다. 하고 싶은 걸 하며, 돈도 벌 수 있는 시대가 되었거든요. 

그러나 우린 여전히 시키는대로 공부하고, 겨우겨우 졸업해, 조금이라도 돈을 많이 주는 곳에 취업하기 바쁩니다. 남들은 꿈 찾아서 좋아하는 일을 하며 산다는데, 우린 왜 그러지 못하는 걸까요?

주식공부, 토익 공부도 좋지만
먼저 나를 공부해야 합니다.
모두가 유튜브 하니까 나도 해야 할 것 같고, 스마트 스토어가 열풍이라니까 나도 한번 해 볼까 싶고, 요즘은 또 전자책이 돈이 된다고 하니 전자책부터 시작하는 분들이 많습니다. 하지만 흐지부지 되는 경우가 훨씬 많습니다. 

왜 그럴까요? 나에게 맞는 방법이 아니기 때문입니다. 

일단 내가 어떤 사람인지를 알아야 합니다. 수단과 방법은 그 다음이에요. 우선순위가 틀린거죠.

하지만 왜 자격증 따고, 박사학위까지 따신 분들이 뒤늦게 저를 찾아와서 '자기 탐색 수업'을 들으셨을까요? 

일단 실력만 쌓으면 모든 것이 해결된다고 믿었기 때문입니다.
요즘엔 실력을 쌓으며 동시에 나를 기록하는 브랜딩 활동을 꼭 같이 해야합니다.

우리의 시간과 열정은 소중합니다. 여러분의 열정과 노력만큼 좋은 결과를 얻으려면, 우리는 제대로 방법을 알고 달려야 합니다.",0,연락 가능 시간: 6시 ~ 22시 평균 응답 시간: 3시간 이내,2023-01-19 11:14:26.861,20,2023-01-19 12:47:54.200,5,51
52,노하우,"프리미엄 주식강의 전자책
주린이를 위한 투자전략 제시
스윙 관점 실전 투자기법 수록
단기 관점 실전 투자기법 수록

왜 많은 사람들은 주식투자에 실패할까요? 시장 상황에 맞지 않는 정보를 기반으로 주식투자를 하기 때문입니다. 시장을 제대로 읽고, 수익을 내는 데 필요한 지식만 있다면 실패의 확률은 크게 줄어듭니다.

저처럼 경제적 위기를 겪고 있는 분들이나 겪으셨던 분들, 혹은 잘못된 공부로 주식투자에서 손실을 겪고 있는 분들, 그리고 제가 주식을 통해 얻었던 경험과 기쁨을 여러분도 함께 경험했으면 좋겠다는 마음에서 주식 강의를 시작하게 되었습니다. 

주식 공부에 투자할 시간도, 실패를 겪을 여유도 없는 우리,
이제 저와 같이 주식으로 수익을 내는 데에 필요한 것만 공부합시다.

지난 수년 간 강의와 매매를 지속하며 시장에서 살아남은 저.

안목을 기르는 비법+ 비법을 실제 시장상황에 적용할 수 있도록 개인의 능력과

시황에 맞춘 정확한 피드백으로 그 안목, 제가 멱살캐리하겠습니다. 

",0,연락 가능 시간: 9시 ~ 17시 평균 응답 시간: 아직 몰라요,2023-01-19 11:21:29.859,40,2023-01-19 12:47:57.078,3,52
53,취미/특기,"제가 진행할 금손 클래스는...
*1월 크래프트랩 휴관으로 인해 2월부터 다시 수업 가능합니다^^

(1월 일정은 메세지로 문의 주세요!)



손가락으로 뜨개질 하여 만드는

똥손도 금손처럼 멋진 뜨개 가방을 만들 수 있는

<핑거니팅 가방 원데이 클래스> 입니다!



뜨개질이 복잡하고 어렵게 느껴지셨나요?

핑거니팅 방법으로 쉽게 뜨개 가방을 만들 수 있어요!

이번 클래스에서는 원하시는 크기와 형태로 나만의 가방을 만들 수 있답니다.

정말 가볍고 포근한 실로 봄까지 들고 다닐 수 있는 산뜻한 색상의 실도 준비했습니다 : )



** 실 색상과 가방 디자인 선택 가능! 메세지로 꼭 원하시는 실의 색상을 알려주세요! 😊



쿠키옷장 원데이 클래스에서는 바늘 없이 손가락으로만 뜨개질을 할 수 있습니다.

(가죽 바닥 사용 시 첫 단만 코바늘로 코를 만들어 줍니다. > 선택 가능)

이번 클래스에서는 뜨개를 처음 접하여도 만들 수 있는 쉬운 난이도입니다.



연속된 고리로 이루어진 실이라 하나 씩 고리를 끼울 때마다 자동으로 뜨개질이 됩니다.

참 쉽고 간단한 방법으로 똥손도 금손이 될 수 있어요!

수면 바지, 수면 양말이 생각나는 가볍고 따뜻한 극세사 털실로 준비 했어요.



*사진 속에서 원하시는 색상의 실을 선택하여 만드실 수 있습니다!

*실의 굵기, 구멍의 크기가 다른 두 종류의 실을 준비했습니다.

이번 클래스에서는 너무나도 쉽게 떠지는 굵은 극세사 실로 수업이 진행됩니다.

두 가지 두께 중 고르실 수 있습니다.

- 굵은 실은 더 쉽고 빠르게 만들 수 있습니다.(난이도 아주 쉬움)

- 얇은 실은 조금 더 작은 구멍으로 굵은 실보다는 촘촘한 느낌이지만 조금 더 시간이 소요됩니다. 난이도 쉬움)

* 재료비 포함 가격으로 몸만 오시면 됩니다! 수업 후 키트 추가 구매 가능 (수업 예약시 미리 말씀해 주세요^^)





✅ 당일 예약을 원하시면 메세지로 문의 주세요! (잔여 자리 있을 경우 예약 가능)

✅ 오전11시~오후7시반까지 수업 가능합니다.

✅ 수업 인원 외에는 출입이 불가합니다.

* 4명까지 수강이 가능한 클래스입니다.





<커리큘럼>

1. 핑거니팅 방법 설명 (손가락으로 고리 끼우기-사슬뜨기, 한 코 뜨기, 단수 늘리기, 마무리 방법)

2. 밑단 만들기 (원하는 크기의 가방을 만드실 수 있어요.

3. 원통 형태 시작하여 단 수 늘려 나가기

4. 손잡이 끈 부분 만들기

** 가방을 만들고 시간이 남을 경우 털방울 장식 만들기 진행 가능합니다.",0,"수업일 하루 전과 당일은 취소, 일정 변경이 되지 않습니다. 늦으시는 경우에는 미리 꼭 연락 주세요. 수업 시간이 줄어들 수 있습니다.",2023-01-19 11:29:34.050,15,2023-01-19 11:29:39.849,1,53
54,취미/특기,"제가 진행할 금손 클래스는...
세상에 하나뿐인 수제비누를 만들어보세요



천연비누를 통해 건강한 삶의 가치를 나누고

직접 만들어 선물하는 기쁨의 가치를

같이 실현시키고 공유해봐요.♡♡



개인 피부타입에 맞는 레시피로 선택하실 수 있으며,

식물성 오일로 만들어지기 때문에 자극적이지 않아

페이스용이나 바디용으로 사용이 가능합니다.



[수업과정]

Step 1

- CP 비누에 관한 간단한 설명을 듣고

작업할 디자인을 스케치합니다

Step 2

- 자신의 피부에 맞는 레시피로

오일을 계량하여 비누를 제작합니다

Step 3

- 완성!

(비누 제작 완료 후 보온과 건조기간을

거친 후 픽업 하실 수 있습니다)



중량 및 수량 :

500g (비누 4-5개) 55,000원

1kg (비누 9-10개) 80,000원

1kg 체험을 원하시는 분은 메시지로 알려주세요



소요시간 : 약 2시간



무이솝에서 소소한 기쁨과 행복한 순간을

만들어 내길 바라요!

이런 분들에게 추천드려요!
- 힐링이 필요하신 분
- 특별한 선물을 하고 싶으신 분
- 지구와 환경을 생각하시는 분
- 이색 데이트를 원하시는 분

메모
CP비누는 숙성 및 건조과정이 필요하기 때문에
클래스 당일에 가져가실 수는 없고,
클래스 날짜 기준으로 2주 이후
방문 수령하실 수 있습니다
​방문 수령이 어려우신 경우
4주 후 건조 과정 이후 택배(착불)로 보내드려요",2000,클래스 1일 전 취소 시	클래스 금액의 30% 차감 후 환불,2023-01-19 11:38:42.342,12,2023-01-19 12:33:57.836,3,54
55,노하우,"비전공자 개발자 취업 노하우(PDF)
비전공자가 개발자로 취업하기 위한 노하우를 PDF파일로 드립니다.

가. 전자책 서비스는 PDF, PPT 등 문서 형태로 제공되는 서비스로 별도의 컨설팅은 포함되어 있지 않습니다.단, 전문가가 별도로 컨설팅을 추가 판매하는 경우에는 크몽 기본 환불 규정을 따릅니다. 

나. 전자책 서비스는 구매와 동시에 자료가 발송되는 형태로, 구매 이후 콘텐츠 내용에 대한 불만족으로 인한 환불은 불가합니다.

다. 구매와 동시에 크몽 사이트 내 결제 메시지를 통해 자료가 전달되며, 메시지창을 통해 다운받을 수 있습니다.

소개
DBA '마이자몽' 입니다.

- DBA(현)
- DevOps 개발자(전)
- 챗봇 엔지니어(전)

- 티스트로 블로그 운영(누적 100만)",0,연락 가능 시간: 0시 ~ 0시 평균 응답 시간: 10분 이내,2023-01-19 12:04:36.845,18,2023-01-19 12:04:42.605,1,55
56,노하우,"전문가 이력
학력 전공
백석예술대학교·실용음악학과·졸업

경력 사항
앰와이 실용음악학원·학원강사·기타 강사·1년.3개월

취소 및 환불 규정
가. 레슨 환불기준 원칙
학원의 설립/운영 및 과외교습에 관한 법률 제 18조(교습비 등의 반환 등)
- 학원설립, 운영자, 교습자 및 개인과외교습자는 학습자가 수강을 계속할 수 없는 경우 또는 학원의 등록말소, 교습소 폐지 등으로 교습을 계속할 수 없는 경우에는 학습자로부터 받은
교습비를 반환하는 등 학습자를 보호하기 위하여 필요한 조치를 하여야 한다.

1. 레슨을 제공할 수 없거나, 레슨 장소를 제공할 수 없게 된 날 : 이미 납부한 레슨비 등을 일한 계산한 금액 환불

2. 레슨기간이 1개월 이내의 경우
- 레슨 시작전 : 이미 납부한 레슨비 전액 환불
- 총 레슨 시간의 1/3 경과전 : 이미 납부한 레슨비의 2/3에 해당액 환불
- 총 레슨 시간의 1/2 경과전 : 이미 납부한 레슨비용의 1/2에 해당액 환불
- 총 레슨시간의 1/2 경과후 : 반환하지 않음

3.레슨 기간이 1개월을 초과하는 경우
- 레슨 시작전 : 이미 납부한 레슨비 전액 환불
- 레슨 시작후 : 반환사유가 발생한 당해 월의 반환 대상 레슨비(레슨비 징수기간이 1개월 이내인 경우에 따라 산출된 수강료를 말한다)와 나머지 월의 레슨비 전액을 합산한 금액 환불

* 총 레슨 시간의 레슨비 징수기간 중의 총레슨시간을 말하며, 반환 금액의 산정은 반환 사유가 발생한 날까지 경과 된 레슨시간을 기준으로 함

취미 기타
내가 원하는곡을 쳐보자!!

전문 기타
녹음하며 즐기는 전문 기타!

입시 기타
실용음악과 전공 목표",0,연락 가능 시간: 언제나 가능 평균 응답 시간: 10시간 이내,2023-01-19 12:29:46.293,10,2023-01-19 12:48:00.159,3,56
57,노하우,"💛💛💛💛💛💛💛💛💛💛

자급자족 1인 라이프를 지향하는 내 맘대로 한 접시

'정확함'과 '느낌' 두 글자
추상의 끝과 끝에 닿은 정반대의 의미를 지녔지만 음식을 대하는 순간에는 두 가지 모두 필요한 재료라고 생각해요
느낌대로 또 정확하게
그럼, 맛있게 드십쇼!

혼자서도 쉬운 홈베이킹
1인 초보 베이커를 위한 16가지 쉬운 레시피

본 레시피북 메뉴들은 주변에서 쉽게 구할 수 있는 재료로 부담스럽지 않게 시도해 볼 만한 품목들로 담아보았습니다.

💛💛💛💛💛💛💛💛💛💛

취소 및 환불 규정
가. 자료·템플릿 서비스는 PDF, PPT 등 파일 형태로 제공되는 서비스로 별도의 컨설팅은 포함되어 있지 않습니다. 단, 전문가가 별도로 컨설팅을 추가 판매하는 경우에는 크몽 기본 환불 규정을 따릅니다.

나. 자료·템플릿 서비스는 구매와 동시에 자료가 발송되는 형태로, 구매 이후 콘텐츠 내용에 대한 불만족으로 인한 환불은 불가합니다.

다. 구매와 동시에 크몽 사이트 내 결제 메시지를 통해 자료가 전달되며, 메시지창을 통해 다운받을 수 있습니다.

라. 아래의 경우에는 전문가에게 취소 및 환불을 요청할 수 있습니다. (단, 구매 확정을 한 이후에는 환불이 불가하니 유의바랍니다)
1) 구매한 자료·파일이 열리지 않는 경우
2) 구매한 자료·파일이 암호화되어 있는데, 암호가 제공되지 않은 경우
3) 실제 제공된 자료·파일이 서비스 설명에 기재한 것보다 적을 경우",0,연락 가능 시간: 12시 ~ 18시 평균 응답 시간: 5시간 이내,2023-01-19 12:49:12.210,10,2023-01-19 12:49:56.716,3,57
58,노하우,"전문가 이력
경력 사항
루디아메이크업헤어·루디아메이크업헤어·원장·16년.0개월

보유 자격증
미용사면허증·2017.10·서초구청장
미용사면허증·2004.01·군산시장
위생교육수료증·2017.10·대한미용사중앙회
컬러리스트 산업기사·2013.03·한국산업공단
샵미스터·2013.06·한국산업공단

연예인처럼 자연스러움과 트렌디한 스타일을 추구하며, 여유롭고 편안한 분위기의 강남의 프라이빗 뷰티샵입니다.

데일리메이크업&헤어부터 셀프웨딩까지 다양한 뷰티컨설팅을 해드립니다.
루디아만의 메이크업 레슨은 이미 많은분들께 추천되는 프로그램으로 만족도가 높습니다. 
친절한 메이크업 아티스트와 함께하는 차별화된 레슨으로 자신에게 맞는 메이크업과 브러쉬사용법,제품추천 등 가르쳐드립니다.

취소 및 환불 규정
가. 레슨 환불기준 원칙
학원의 설립/운영 및 과외교습에 관한 법률 제 18조(교습비 등의 반환 등)
- 학원설립, 운영자, 교습자 및 개인과외교습자는 학습자가 수강을 계속할 수 없는 경우 또는 학원의 등록말소, 교습소 폐지 등으로 교습을 계속할 수 없는 경우에는 학습자로부터 받은
교습비를 반환하는 등 학습자를 보호하기 위하여 필요한 조치를 하여야 한다.

1. 레슨을 제공할 수 없거나, 레슨 장소를 제공할 수 없게 된 날 : 이미 납부한 레슨비 등을 일한 계산한 금액 환불

2. 레슨기간이 1개월 이내의 경우
- 레슨 시작전 : 이미 납부한 레슨비 전액 환불
- 총 레슨 시간의 1/3 경과전 : 이미 납부한 레슨비의 2/3에 해당액 환불
- 총 레슨 시간의 1/2 경과전 : 이미 납부한 레슨비용의 1/2에 해당액 환불
- 총 레슨시간의 1/2 경과후 : 반환하지 않음

3.레슨 기간이 1개월을 초과하는 경우
- 레슨 시작전 : 이미 납부한 레슨비 전액 환불
- 레슨 시작후 : 반환사유가 발생한 당해 월의 반환 대상 레슨비(레슨비 징수기간이 1개월 이내인 경우에 따라 산출된 수강료를 말한다)와 나머지 월의 레슨비 전액을 합산한 금액 환불

* 총 레슨 시간의 레슨비 징수기간 중의 총레슨시간을 말하며, 반환 금액의 산정은 반환 사유가 발생한 날까지 경과 된 레슨시간을 기준으로 함",0,서초구 강남대로 305 메이크업실,2023-01-19 13:01:39.612,20,2023-01-19 13:01:39.612,0,58
59,노하우,"현) 디자인회사 재직 중인

경력 7년 차 디자이너입니다.

- GTQ 포토샵, 일러스트 1급 보유

- 일러스트레이터 개인과외 경력 1년 차

- 포토샵 개인과외 경력 2년 차

실무에 필요한 일러스트레이터 및

포토샵 레슨을 진행합니다.


취소 및 환불 규정
가. 레슨 환불기준 원칙
학원의 설립/운영 및 과외교습에 관한 법률 제 18조(교습비 등의 반환 등)
- 학원설립, 운영자, 교습자 및 개인과외교습자는 학습자가 수강을 계속할 수 없는 경우 또는 학원의 등록말소, 교습소 폐지 등으로 교습을 계속할 수 없는 경우에는 학습자로부터 받은
교습비를 반환하는 등 학습자를 보호하기 위하여 필요한 조치를 하여야 한다.

1. 레슨을 제공할 수 없거나, 레슨 장소를 제공할 수 없게 된 날 : 이미 납부한 레슨비 등을 일한 계산한 금액 환불

2. 레슨기간이 1개월 이내의 경우
- 레슨 시작전 : 이미 납부한 레슨비 전액 환불
- 총 레슨 시간의 1/3 경과전 : 이미 납부한 레슨비의 2/3에 해당액 환불
- 총 레슨 시간의 1/2 경과전 : 이미 납부한 레슨비용의 1/2에 해당액 환불
- 총 레슨시간의 1/2 경과후 : 반환하지 않음

3.레슨 기간이 1개월을 초과하는 경우
- 레슨 시작전 : 이미 납부한 레슨비 전액 환불
- 레슨 시작후 : 반환사유가 발생한 당해 월의 반환 대상 레슨비(레슨비 징수기간이 1개월 이내인 경우에 따라 산출된 수강료를 말한다)와 나머지 월의 레슨비 전액을 합산한 금액 환불

* 총 레슨 시간의 레슨비 징수기간 중의 총레슨시간을 말하며, 반환 금액의 산정은 반환 사유가 발생한 날까지 경과 된 레슨시간을 기준으로 함",0,토요일: 08:00~10:00 일요일: 08:00~10:00,2023-01-19 13:15:31.551,6,2023-01-19 13:15:35.362,1,59
60,핸드메이드,"✔️주소변경은 취소후 재주문
✔️배송: CJ대한통운
출고일 수령일 지정불가❌
꽃차는 실온보관 제품으로
사용하시는날 1~2주 전에 미리 주문해 주세요!

배송은 1-2일 소요되며,
대부분 출고일 익일에 도착해요.
간혹 물류 사정에 따라 지연되는 경우가 있으니
참고 부탁해요.(도서산간 제외)

-------

카페인이 없는 차식약처 인증된 원료만을 사용
품질검사 및 품목보고 완료
📌안심하고 드세요!📌


이런 분들께 추천드려요!👍🏻

✔️결혼식 감사 답례품용
✔️학교, 어린이집 선생님들 단체선물용
✔️회사승진, 입사, 퇴사 등 임직원 선물용
✔️부담스럽지 않는 가성비 단체선물
✔️한국적인 선물을 찾고 계신 분
✔️의미있는 선물을 찾고 계신 분
✔️카페인 없는 이색 음료선물을 찾고 계신 분
",3000,"부산광역시 강서구 명지국제6로 12, 비엠타워 4층 404호 / 제조일로부터 2개월이내",2023-01-19 13:23:09.610,35,2023-01-19 13:23:16.472,1,60
61,취미/특기,"등록되어진 시간외에도 원하시는 시간대 조정&오픈가능합니다

메세지 주세요!


◾️클래스 소개

*도자기로 다양한 모양의 접시를 만드는 수업으로 흙으로 원하는 모양을 만든 뒤 고화도(높은온도)로 두번 소성하는 단계를 거쳐 완성됩니다.

*직접만든 도자용 색 소지(색 안료가 섞인 흙)를 이용해 나만의 감성으로 도자기를 만드는 수업입니다.

*개성가득한 도자기를 위해 항상 연구중이므로 여러분들의 만의 멋진 그릇을 만들어주세요!


처음 도자기를 접하시는 분들도 쉽게 만들 수 있는 수업으로

도자기에 모두 빠질 수 있는 수업이 되도록 친절히 알려드리겠습니다😌


이런 분들에게 추천드려요!
나만의 도자기를 만들고 싶고 감성적인 도자기 그릇을 만들어 자기만의 소품을 만들고 싶은 분들을 위한 클래스 입니다.
직접 만든 도자기로 나의 공간을 감각적으로 꾸며보세요 🧡

메모
*도자기는 건조 후 초벌과 재벌의 두단계를 거쳐 나오기 때문에 시간이 다소 걸리며 3~4 주 후 개별 연락을 통해 픽업 날짜를 안내해드립니다.(택배 이용시 배송비 별도)
*도자기 만들기 및 소성 과정에 따라 크랙이나 표면에 작은 기포가 생길 수 있으니 참고해주시기 바랍니다.
*클래스 소요시간 1시간 초과시 5000원 추가요금이 발생합니다.",0,반려동물식기/반지걸이/멍멍잔/도자기마그넷,2023-01-19 13:38:36.760,5,2023-01-19 13:38:43.434,1,61
62,노하우,"저와 함께 하신다면, 
여러분의 취업 면접, 학교 및 직장 내에서의 프레젠테이션 및 스피치에 대하여
논리적 구조 뿐만 아니라 스피킹/비주얼과 관련된 전달법 까지도 확실히 마스터 하실 수 있습니다!

현업 전문가로부터 필승 스피치 전략을 배워가세요!

Q. 이 전자책만으로 충분할까요?
이 전자책에는 효과적인 스피치에 대한 노하우가 모두 집약되어 있습니다. 스피치 및 프레젠테이션과 관련하여 알아야 하는 부분은 모두 포함되었다고 생각합니다. 전자책을 참고하여 본인에게 적용 시키신 후, 구체적인 피드백이나 컨설팅이 필요하신 분께서는 제 컨설팅 서비스를 받으시길 권장합니다.

논리적인 스피치 구조를 만들기 위한 템플릿과 예시가 들어 있습니다. 템플릿 안에 내용을 채운다고 생각하면, 나도 모르게 글이 한편 만들어지게 될 것입니다. 논리적인 글쓰기 실력 향상에도 반드시 도움이 될 것입니다.



취소 및 환불 규정
가. 전자책 서비스는 PDF, PPT 등 문서 형태로 제공되는 서비스로 별도의 컨설팅은 포함되어 있지 않습니다.단, 전문가가 별도로 컨설팅을 추가 판매하는 경우에는 크몽 기본 환불 규정을 따릅니다. 

나. 전자책 서비스는 구매와 동시에 자료가 발송되는 형태로, 구매 이후 콘텐츠 내용에 대한 불만족으로 인한 환불은 불가합니다.

다. 구매와 동시에 크몽 사이트 내 결제 메시지를 통해 자료가 전달되며, 메시지창을 통해 다운받을 수 있습니다",0,연락 가능 시간: 10시 ~ 18시 평균 응답 시간: 1시간 이내,2023-01-19 13:53:36.119,16,2023-01-19 13:53:43.233,1,62
63,노하우,"과외, 잘 가르치고 잘 버는 법
과외하는 법을 가르쳐주는 과외는 없나요?
6년차 괴외 선생님이 과외의 AtoZ를 떠먹여드립니다❗

누구를 위한 건가요?
💚과외로 기본 생활비를 확보하면서 다른 직업을 준비하기 위해 시간 확보가 필요하신 분
💚과외를 하고 있지만 더 성공적·지속적으로 운영하고 싶은 선생님
💚다른 본업이 있지만 투잡으로 과외를 통해 부가수입을 창출하고 싶은 분
💚중고등학생 대상 개인과외를 시작하신 초보 과외선생님

얻을 수 있는 것은 무엇인가요?
💚수업 준비와 진행을 위한 구체적인 방법
💚과외비 올리는 협상법, 확실한 수입증가 핵심 팁
💚개인과외에서 그룹과외로 성장시키는 법
💚과외 운영시 발생하는 문제와 곤란한 사항에 대한 해결책

취소 및 환불 규정
가. 전자책 서비스는 PDF, PPT 등 문서 형태로 제공되는 서비스로 별도의 컨설팅은 포함되어 있지 않습니다.단, 전문가가 별도로 컨설팅을 추가 판매하는 경우에는 크몽 기본 환불 규정을 따릅니다. 

나. 전자책 서비스는 구매와 동시에 자료가 발송되는 형태로, 구매 이후 콘텐츠 내용에 대한 불만족으로 인한 환불은 불가합니다.

다. 구매와 동시에 크몽 사이트 내 결제 메시지를 통해 자료가 전달되며, 메시지창을 통해 다운받을 수 있습니다.",3000,연락 가능 시간: 25시 ~ 25시 평균 응답 시간: 6시간 이내,2023-01-19 14:09:16.594,35,2023-01-19 14:09:34.955,2,63
64,취미/특기,"내 손안에 인어공주 동화 한 편의 클라이맥스를 담은
📍 인어공주 레진 폰케이스 📍

예시 수업에서 배운
프레임을 활용하여
스마트톡을 만드는 법과

uv 레진의 종류인 고점도 레진과
저점도 레진의 특성을
한 번 더 파악하여 폰케이스 배경
만드는 법을 알려드립니다.

🌊 스마트톡 작업 / 배경 색감 작업 /
금장 장식 작업 / 배경 장식법 /
전체 코팅 작업 / 스마트톡 부착과
마무리 작업 등

차근차근 배워보는
uv 레진의 심화 과정 폰케이스만들기!🧜
마찬가지로, 놓치기 쉬운 tip까지 모두 알려드려요.

✨ 보너스 ✨

• 수업에서는 만들지 않았지만
기타 크리스탈 레진을 활용한
작품 소개(티코스터, 다이어리)

• 기타 uv레진을 활용한 작품 소개
(피어싱함,북마크)

• 같은 인어 모티브지만
전혀 다른 디자인 느낌의 소개
(여러 느낌으로 폰케이스를
디자인하는 방법을 이해)

수강생분들께서도 공유하거나
선물하고 싶은 나만의 감성을
글이나 그림 말고 레진 작품으로
함께 탄생 시켜 보시면 좋을 것 같습니다💙",3000,수강 시작일 즉시 / 난이도 쉬움 / 준비물 구매가능,2023-01-19 14:19:26.053,6,2023-01-19 14:26:04.437,3,64
65,핸드메이드,"⭐️마카롱케이크의 원조⭐️

맘대롱스튜디오입니당🙆🏻‍♀️💕

미리 제작하지 않고
주문 접수 후 출고일에 맞추어 제작이 시작되므로

발송일이 임박한 출고 주문은 주문접수후
제작이 시작되기 때문에 취소가 불가합니다!

가로세로 14*14 도시락케이크 박스에
쏘옥 들어가는 사이즈 입니다!

❤️별가득 예쁜 후기이벤트❤️

예쁜 후기 작성을 해주실 고객님들께는
귀여운 하트초를 보내드려요❤️

요청란에 후기약속을 해주시면 보내드려요!


🌈맛

초코우유
프랑스 고메버터, 발로나 코코아파우더로 고급진 초코🤎

크림치즈
호주산 우유100%크림치즈와 프랑스 고메버터의 조합💙

황치즈
단짠단짠 노오란 황치즈는 사랑이쥬🧡

인절미
고소한 대두콩을 볶아 만든 인절미맛💛

🌈레터링(1겹/2겹)
영어: 20글자
한글: 8글자
한글+영어: 8글자
정해진 글자수내에서 요청해주세요!

초과시 임의로 수정됩니다!

기본글씨체(영어) -> 필기체
전체대문자로 기재시 고딕체로 제작됩니다!

🌈택배

우체국택배
월•화•수•목•금(회사,학교 배송불가)
발송일로부터 2일내 수령
오후1시출고
(도착시간은 택배기사님만 아셔요!)

⚠️

금요일 발송 주문은 회사 및 기관은 불가합니다.
반드시 집주소로만 주문해주세요.
미확인 주문에 따른 환불,문의는 불가합니다!

🌈포장
아이스박스+아이스팩동봉하여 발송

🌈보관 및 유통기한
냉동2주 / 냉장 1일

배송중의 파손으로 인한
교환 및 환불이 어려운제품입니다!
파손이 걱정되신다면 꼭! 픽업을 추천드려요!

🌈픽업장소
서울시 은평구 갈현동406-1 ,2층

픽업시간
13:00-19:00
일요일 휴무
주자장 없음(🚫)

✔️픽업배송비문의
배송비가“자동결제”시스템이기에
픽업 선택시 배송비가 없어지는게 아닌
배송비만큼 ”상품금액”에서
차감되도록 설정해놓았습니다

주문취소는 제작시작전 발송일4일전까지",5000,"서울 은평구 통일로85길 7 (갈현동, NAVE) 2층",2023-01-19 14:21:43.916,11,2023-01-19 14:21:48.433,1,65
66,취미/특기,"🎁 클래스 구성 및 소요 시간 🎁

• 병아리 수세미 (1시간 30분)
• 벚꽃 수세미 & 벚꽃 티코스터 (1시간 30분)

점점 햇살이 바삭해지고 있네요. 🌞
멀리서 보이는 풍경도
점점 초록색으로 바뀌고 있어요! 🌳

봄맞이 인테리어를 생각하고
계시진 않으시나요?
주방은 어떨까요?

평범한 수세미는 NO!!
자주 드나드는 주방도
귀엽게 바뀔 수 있습니다.

화사하고 귀엽게
만들어 볼까 해요. 😃

봄을 애정하시는 분들께
선물하기에도 좋을 것 같아요.

그럼, 저와 함께 만들러 가보실까요?",3000,"벚꽃 수세미, 뚱아리 수세미 도안 2종 패키지 / 준비물 구매가능",2023-01-19 14:32:34.032,38,2023-01-19 14:36:07.512,3,66
67,핸드메이드,"매일 비슷하게 반복되는 일상 속
소소한 낭만과 여유를 찾기 위해 제작된
'향기 한 잔 [튤립 잔]'입니다.

🌷튤립잔🌷은

입이 닿는 부분의 가장높은 부분과 낮은부분의 높이차이는
5mm미만으로 컵을 사용하실때 불편함이 없으면서도
디자인적인 부분을 살리는 방향으로 제작되었으며

손잡이는 긴 잎사귀를 둥글게 만 형태를 표현하였습니다.

튤립잔🌷을 통해
계절과 시간 그리고 장소에 구애받지 않고
언제나 피크닉을 즐기는듯한 설렘과 여유를 느껴보세요☺️

✔️옵션✔️
으로 추가 선택하실 수 있는
🌱꽃받침🌱(컵받침)은 둥근 잎사귀 두개가 겹쳐진 형태로
각각의 잎사귀 중앙에 음각으로 잎맥이 표현되어있으며
컵을 올려두었을때 미끄러지지 않도록
중앙에 '튤립잔'의 바닥 지름만큼 둥근 홈이 있습니다

—————————————————————
📦포장 안내

모든 제품은 개별 포장 후 내용물의 구분을 위해
해당 제품의 일러스트가 그려진 스티커 부착 후 다시한번 완충제를 사용하여 이중포장 후 발송됩니다

포장 형식에 대한 문의사항은
메시지 남겨주시면 빠르게 답변 도와드릴게요!
—————————————————————

✔️사이즈

낮은잔 : 높이 72mm / 지름 96mm (용량 약 250ml)
컵받침 : 가로 16mm / 세로 12mm

✔️상품 구성
🌷튤립잔🌷

—————————————————————
'타다 세라믹'의 모든 제품은
초벌기 사용 없이 자체 제작 디자인만을 제작/사용합니다

✧사용하시는 기기와 화면 밝기 설정에 따라
제품의 색상이 다르게 보일 수 있습니다.

✧슬립캐스팅 제작방식의 특성상
제품의 바닥부분에 마감흔적이 남아있을 수 있습니다

✧도자기의 특성상 완성된 제품 표면의 까만 점(철 성분)과
구멍(핀홀) 유약의 흐름 또는 뭉침은 불량품이 아니기 때문에 교환 또는 환불이 어려운 점 양해 부탁드리며 이에 예민하신 분들은 신중한 구매 부탁드립니다.

✧기본적으로 주문 후 제작이 들어가는 제품이나
빠른 배송을 원하시는 고객님께서는 메시지로 문의 부탁드릴게요",4000,높이72mm 지름96mm 용량250ml / 타다세라믹 / 대한민국,2023-01-19 14:41:03.551,7,2023-01-19 19:45:33.144,5,67
68,취미/특기,"📍 재료소개 및 주의사항 📍

레진을 처음 접하신 분들을 위해
주의사항과 사용 방법을 알려드릴게요.
레진을 사용해 보신 분들이라도
자개를 이용한다면 조금 낯설 수 있어요 .
다양한 재료와 도구 중
어떤 것을 사용해야 하는지
자개의 종류와 활용 방법 팁 등을
설명해 드릴 예정입니다.

📍 나전칠기란? 📍

자개, 나전은 들어보신 적 있으시지만
뭐가 뭔지 모르시는 분들이 많으실 것 같아요.
자개와 나전의 차이점과 나전칠기란 무엇인지?
끊음질, 타찰법, 주름질 등의 나전칠기 기법을
간략히 개념 설명해 드립니다.

🎁 준비물 키트 – 56,500원

📦구성
01 그립톡 2개
02 키링 2개
03 군번줄 2개
04 귀걸이 2쌍
05 귀걸이대 2쌍
06 머리끈 2개
07 머리끈대 2개
08 자개가루 1통
09 실자개 3가닥(24cmx0.3mm)
10 모양자개 1통
11 레진 6g 4통
12 레진기계
13 반지 2개 - 안쪽 지름17mm or 16mm (흰색 검정 중 랜덤)
14 집게
15 복주머니 2개

※ ‘13 반지’ 사이즈는 원사이즈입니다.
이니셜 반지에 넣고 싶은 이니셜을 작가 메시지로 보내주시면, 함께 보내드려요😊
(다만 개인별로 절단해서 넣어드리는 것이기 때문에 배송 기간이 3-5일 추가됩니다)
Ex) 구매자 000 입니다. 반지 이니셜 ID로 보내주세요!


🎁 레진 기계 미포함 키트 - 50,500원
위 준비물 키트에서 [ 12 레진 기계 ]만 제외된 구성으로,
이미 레진 기계가 있으신 분들을 위한 키트입니다.


🎁 레진&레진 기계 미포함 키트 – 44,500원
위 준비물 키트에서 [ 11 레진 , 12 레진 기계 ]만 제외된 구성으로,
이미 레진과 레진 기계가 있으신 분들을 위한 실속 키트입니다.


✔️개인 준비물
· 라이터
· 커터칼
· 물티슈
· 투명 메니큐어",0,레진. 파츠 / 공방숨결 / 대한민국,2023-01-19 14:49:58.301,10,2023-01-19 16:59:27.233,3,68
69,핸드메이드,"💅 착용쉐입 발레리나
💅 착용컬러 39

이 영롱함을 카메라에 담을수 없는 안타까움😭😭
어떻게 표현해야할까요:)

이리저리 움직이면 움직일수록
아름다움이 배가 되는 네일!
영롱한 별빛들이 촤르르르 내리는듯
반짝임이 예술을 넘어선
🌟실물 갑 오브 갑🌟

요거 한번 하면 다른 펄은 눈에도 안들어온다구요😭😭

-----------

수제네일팁이 꼬옥 필요하신분🙋‍♀️🙋‍♀️

✔물어뜯는 손톱, 얇은 손톱 커버
✔직업 특성상 네일을 하지 못할때
✔손톱이 얇아 젤네일이 어려울때
✔네일샵의 가격이 부담스러울때
✔옷 갈아입듯 디자인을 매일매일 바꾸고 싶을때


🏅전문 네일리스트가 제작하는
100% 핸드메이드 네일팁💅

네일샵과 동일한 퀄리티로 제작되는
비대면 네일아트🌿

-----------

기본 구성

네일팁 10p + 네일 양면테이프 2회분
+ 우드스틱 + 화일 + 알콜스왑 2매

-----------

🌟샘플팁 안내🌟

원하시는 모양의 모든 호수를 보내드려요!
사이즈를 알수있는 가장 정확한 방법입니다 :)


컬러변경 추가요금 ❌
----------------------
주문방법, 사이즈측정법, 팁 호수표는 스토리 참고해주세요🧡

요청사항에 손톱길이❌
팁호수⭕
손톱길이로 알려주시면 제작이 불가능합니다


-----------------

❗️큐티클라인,길이조절 서비스는 제공해드리지않습니다❗️
제공해드리는 파일로 살짝 갈아주시면 되세요:)



❗구매 전 스토리의 필독사항들을 반드시 숙지해주세요❗


🚫맞춤제작상품으로
교환,환불은 절대 불가합니다🙆‍♀️

상품페이지의 안내사항, 스토리의 필독사항을 숙지하지 않고 주문하신사항에 대한 환불은 불가합니다

",4000,수제네일팁/경기 부천시 상이로 51 (상동)/대한민국,2023-01-19 15:17:38.319,44,2023-01-19 15:17:38.319,0,69
70,핸드메이드,"! 달과 지구를 띄울 수 있는 프로젝터 무드등 !🌌

영사기 방식으로 벽면에 비추면 예쁜 행성이 나타나는 행성 프로젝터 무드등 입니다.
헤드를 쉽게 구부릴 수 있어 벽면이나 천장 어디든 비출 수 있어요.🌏🪐

필름을 교체할 수 있어 '보름달 + 지구' 옵션을 선택하시면
✨원하시는 필름을 장착해서 사용하실 수 있습니다.✨

주문해주시면 정성껏 선물포장해서 배송해드립니다~ :D


⭐️⭐️⭐️⭐️⭐️⭐️
※ 옵션 구성 ※
보름달 = 보름달 필름, 프로젝터 1개, USB케이블, 선물포장
지구 = 지구 필름, 프로젝터 1개, USB케이블, 선물포장
보름달+지구 = 보름달 필름 + 지구 필름, 프로젝터 1개, USB케이블, 선물포장

USB포트 케이블을 적용해 핸드폰 충전기나 PC, 보조배터리로도 점등 가능합니다.
(충전식은 아니며 유선 제품입니다)",3000,"서울 강북구 도봉로41길 62-3 (미아동) (미아동, 하늘색 작은대문 지층 좌측) / 5V, 3W / 구매로부터 6개월",2023-01-19 15:24:55.230,9,2023-01-19 15:30:41.539,1,70
71,취미/특기,"가정용 에스프레소머신을 잘 이용하고 싶으시거나, 취업등으로 단기간 에스프레소 추출과 스티밍을 배우기 원하시는 분들을 위한 원데이 클래스입니다.
😀


🔸️[커리큘럼]🔸️

👉1. About Espresso

: 에스프레소용 원두와 로스팅 기본이론. 에스프레소 추출을 위한 기본조건과 도구들, 추출실습



👉2. Milk Steaming

: 우유 스티밍을 위한 기본이론과 조건. 스티밍 기술과 벨벳 폼 만들기.



👉3. 기본 에스프레소 메뉴

: 스티밍 우유로 라떼만들기. 우유붓기



이런 분들에게 추천드려요!
다양한 연령대의, 커피에 관심있으신 분들은 남녀 모두 참여가능합니다~!☕

메모
에스프레소 머신등 화상의 위험이 있어 고등학생 이상 수업참여가 가능합니다~
⚠️반려동물과 함께 수업참여는 불가합니다.⚠️",0,당일생산 보틀(냉장 최대7일)/가급적 3일 이내 섭취요망/서울 금천구 독산2동1047,2023-01-19 15:35:27.494,78,2023-01-19 15:35:27.494,0,71
72,핸드메이드,"‼️설날전발송 마감‼️
⛥25일부터 발송가능⛥
(설날전발송 마감 25일부터발송가능하세요)
발송가능날짜 확인후 주문 주세요
▪️보통 발송후 하루이틀내 도착▪
바로다음날 도착 하지않을수 있습니다여유있게 주문주세요⋅⌣⋅

졸업시즌예약
졸업 및 공연꽃풍선으로 주문량이 많아
예약주문주시면 더 좋습니다^^ 여유있게 주문주세요
단체주문은 최소 10일전 더 여유있게 주문주세요⎝⍢⎠

▪️예약주문▪️
(발송 가능날짜이후 일주일이상 간격있는경우)
주문요청사항에 원하시는 수령날짜 적어주시면
배송지연있을수 있어서 수령날짜 2-3일전에 발송드려요
.
배송중 파손은 재발송 드립니다

‼️풍선문구는 주문주실때 주문요청사항에 적어주세요‼️

옵션사항 학사모추가 하실경우
왕관처럼 풍선밖으로 제작됩니다⋅⌣⋅

꽃은 실크플라워(고급조화)입니다
.
2송이 장미
하트장식이 들어간 2송이 핑크장미에요
.
왕장미
핑크, 피치옐로우 2가지 색상이구
깃털장식들어간 여리여리한 꽃풍선이에요
하트장식으로 변경하고싶을 경우 메세지주세요
.
핑크작약,오렌지작약
하트장식 들어간
상큼한 오렌지색상,여리한 핑크색상의 작약이에요
.

크기는 약 23cm입니다
풍선은 뾰족한부분만 피해주시면 최대 2달정도 가며
점점바람이 빠집니다

▪️폰트는 사진처럼 제작됩니다
문구는 주문주실때 주문요청사항에 적어주세요 ▪️

‼️풍선은 부피때문에 합배송이 안되세요‼️
2개부터는 한개씩 결제 부탁드립니다🙏

▪️왕관은 리본으로 연결됩니다
배송중 떨어졌을경우 풍선살짝누르시고 왕관 위쪽잡으시고
가운데에 맞춰 끼워주세요▪️

박스에서 꺼낼때 신문지 먼저 빼신후
꽃풍선 조심히 빼주세요:)

➿ 주문 및 배송 ➿
✔ 수작업이다보니 꽃의 배치가 살짝 다를수 있습니다
✔ 꽃시장의 사정에따라 꽃이 살짝 변경될수 있습니다
✔ 핸드폰이나 컴퓨터의 밝기나 해상도에 따라서 꽃의 색상이 달라 보일수 있습니다
✔ 주문후 제작이여서 최소 1일에서 최대3일이 소요될수 있습니다
✔용돈은 택배사고로 분실될경우 보상해드리지 않습니다
신중한결정후 주문해주세요",4000,경남 김해시 대동면 대동로274번길 184-38 (예안리) / 농업회사법인 플라워,2023-01-19 15:40:48.006,15,2023-01-19 15:41:44.842,2,72
73,핸드메이드,"✅ 여러 번의 시행착오와 레시피 수정 등을 거쳐 탄생한
마마솝의 에그비누

스** 에그팩보다 마마솝의 에그팩으로 피지잡자.

〰️

✅ 생계란 흰자를 첨가하여 (피지 흡착 효과)

모공피지의 흡착, 노폐물 제거

덴마크산 난백분말 첨가로 효과 2배 업 ⬆️⬆️


✅ 조밀하고 쫀쫀한 거품이 피지 흡착 능력이 최강


✅ 중성, 지성피부 다 사용할 수 있도록 보습력도 올킬.

〰️

🧊 마마솝 에그팩 사용 팁

✔ 손에 물을 묻힌 다음 비누에 비벼서 쫀쫀한 거품을 내서
코와 티존 부위에 올려 놓아주세요.

✔ 양치나 샤워하는 동안 에그비누의 거품이 피지와 같이 섞여서
말끔해진 피부결을 선사합니다.

✔샤워 후 매끈해진 피부는 보너스

🚫인공계면활성제  🚫방부제  🚫인공향료  🚫 파라벤


💌 순식물성 베이스 오일 + 가성소다 + 정제수를

사용하여 만든 720시간의 숙성 기간을 거쳐나온

저온법 숙성비누 입니다.

⭐작가 좋아요 ❤ 후기 작성시 할인쿠폰 발행

〰️

(원료에 대한 설명입니다.)


🧼얼굴부터 몸 바디까지 샤워가 가능한
올인원 비누입니다.

❣

( ※화장비누는 의약품이 아니면 세정에 목적을 두고 있습니다. )
🌱

💮 고객님들이 숙성비누를 찾는 이유 💮


🔻이런분들 추천해요🔻


▫️코에 블랙헤드가 신경쓰이는 분

▫️등 등름에 여름철 신경쓰이는 분

▫️비누 하나로 깨끗한 세정을 원하시는 분

▫️천연유래성분의 비누를 찾으시는 분들

▫️초등학생, 청소년. 성인 다 사용가능

▫️머리부터 발끝까지 올인원 비누를 찾는 분들

🌱

🔴 전성분 : 코코넛야자오일, 팜유, 동백오일, 녹차씨유, 포도씨유,
정제수. 가성소다, 난백분말, 로즈우드 eo, 티트리 eo, 레몬 eo


▪️건조중량 : 100g 이내 ▪️수분중량 : 120g이내",3000,건조중량 : 100g 이내 / 수분중량 : 120g / 개봉후 1년/ 마마솝 아뜰리에/대한민국,2023-01-19 15:48:15.328,17,2023-01-19 19:51:50.283,4,73
74,취미/특기,"🎁 클래스 구성 🎁

• 나만의 향수 만들기
• 이상향 향수 만들기
• 안 쓰는 향수 심폐 소생하기
• 아로마 룸 스프레이 만들기

약 35가지 향과 10개의 공병이 제공되어
여러 가지 향을 만드실 수 있습니다✨

흔한 향은 싫고,
한 가지 향을 뿌리긴 지루하고…
여러 가지 향을 레이어링 하고 싶은데
어떤 향이 어울릴지 모르셨나요?

실생활에서 잘 쓰지 못하는,
지루한 조향 수업은 잊어주세요!
정말 쉽고 유용하게 쓰실 수 있는
향수 꿀팁을 방출해 드립니다💝

5점 만점 중 5점,
수만 개의 믿고 보는 후기들을 가진
다비의 시그니처 향들로
좀 더 쉽게 접근하여 알려드릴게요!

📌 직접 만든 향수를 선물하거나 무상으로 증정할 경우 화학제품안전법에 따라 법적 조치를 받을 수 있으니 주의하시기 바랍니다.
",3000,방향·탈취제품-탈취제-일반용(물체용)/다비섬유탈취제/분사형-분무기형,2023-01-19 15:57:33.931,5,2023-01-19 15:57:33.931,0,74
75,노하우,"💡 5년생존 자영업자의 창업 꿀팁💡 

5년 자영업자의 창업 꿀팁 노하우를 알려드립니다.

취소 및 환불 규정
가. 전자책 서비스는 PDF, PPT 등 문서 형태로 제공되는 서비스로 별도의 컨설팅은 포함되어 있지 않습니다.단, 전문가가 별도로 컨설팅을 추가 판매하는 경우에는 기본 환불 규정을 따릅니다. 

나. 전자책 서비스는 구매와 동시에 자료가 발송되는 형태로, 구매 이후 콘텐츠 내용에 대한 불만족으로 인한 환불은 불가합니다.

다. 구매와 동시에 사이트 내 결제 메시지를 통해 자료가 전달되며, 메시지창을 통해 다운받을 수 있습니다.

",0,연락 가능 시간: 25시 ~ 25시 평균 응답 시간: 아직 몰라요,2023-01-19 16:07:31.537,30,2023-01-19 16:08:27.446,1,75
76,노하우,"액세서리 쇼핑몰 업계만의 성공 필승법💍

💎
""제가 운영하면서 발로 뛰며 알게된
액세서리 상가 업체 리스트는 물론,
돈을 안들이고도 효과적으로 할 수 있는
액세서리 마케팅 노하우까지!
이 강의를 다 들으시면은
'아 이렇게 해야 내 액세서리 쇼핑몰 매출이 늘어 나겠다'라고
생각하실 거예요.""

💎
진입장벽이 낮은 만큼
많은 분들이 실패하는 액세서리 쇼핑몰,
그 안에서 성공하고 싶다면?

사입과 자체 제작 액세서리
쇼핑몰을 모두 운영해본 '찐' 전문가의 창업 클래스💍

많은 분들이 도전하는 사입부터, 최종 목표로 잡는 자체 제작까지! 

💎
성공한 액세서리 쇼핑몰 선배가 사입 브랜드 ‘투은’ 과 
자체 제작 브랜드 ‘투니크’를 운영하며 쌓은 각종 노하우를 콜로소에서 최초로 공개합니다. 
처음인 여러분이 빠르게 자리 잡을 수 있도록 
액세서리 시장 필드의 현실적인 이야기를 들려드리겠습니다.
",0,연락 가능 시간: 10시 ~ 7시 평균 응답 시간: 1시간 이내,2023-01-19 16:22:11.507,13,2023-01-19 16:22:11.507,0,76
77,노하우,"우리는 자신의 감정을 얼마나 잘 표현하며 살고 있을까요?🎥
많은 감정들을 억누르거나 외면하고 있지는 않은가요?
감정은 사람을 끌어당기는 가장 강력한 힘입니다.
감정은 내가 가야할 방향을 알려주는 명확한 지표입니다.

자신의 감정을 살펴보고 표현해보고 싶은 분들을
자피치 감정 수업에 초대합니다!🎬

▷ 주최사 / 활동명
""감정표현 좀 잘해보자"" 자피치 감정수업이란?
자피치 감정 수업은 연기교과를 기반으로 디자인된 프로그램입니다.
감정 상태를 언어로, 몸으로 표현하는 연습을 즐겁게 할 수 있습니다.

📹
▷ 활동내용
주 1회 6주 간 진행되는 프로그램으로
1. 소리로 감정을 표현하는 화술 수업
2. 동작으로 감정을 표현하는 동작 수업
3. 장르별 연기를 다뤄보믄 장면연기 수업1
4. 장르별 연기를 다뤄보믄 장면연기 수업2
5. 즉흥으로 감정을 마주하는 즉흥극 수업
6. 참가자의 에피소드를 다루는 감정 수업
으로 구성되어 다채로운 감정표현을 연습하실 수 있습니다.

📹
▷ 커리큘럼
1.화술: 소리로 감정을 표현한다
- Icebreaking : 서로를 소개합니다.
- 강조 변화, 조건 변화 등 화술과 연기의 기본기 배우기
- 대본 리딩(+다양한 조건 추가)

📹
2.동작: 몸으로 감정을 표현한다
- Icebreaking : 스트레칭, 자석놀이, 걷기
- 미카엘 체홉의 테크닉 연기 이해, 거울 놀이
- 몸으로 말해요

📹
3.장면연기1: 파트너와 감정을 나눈다
- 워밍업(복습)
- 리딩, 동선체크 등 연기 연습
- 2인, 3인, 단체 연기 진행

📹
4.장면연기2: 파트너와 감정을 나눈다
- 워밍업(복습)
- 리딩, 동선체크 등 연기 연습
- 2인, 3인, 단체 연기 진행

📹
5.즉흥연기: 즉흥으로 감정을 표현한다
- 미션 수행 게임
- 다채로운 상황에서의 즉흥연기
- 액자 게임

📹
6.에피소드: 나의 감정을 마주한다
- 명상 워밍업
- 인생 그래프 그리기
- 그 시절의 나와 대화하기
",0,서울 동작구 동작대로3길 21 / 커리큘럼 6회차,2023-01-19 16:55:56.929,30,2023-01-19 17:06:08.499,3,77
78,핸드메이드,"밝은 계열을 찾으시는
고객님들을 위해 준비했습니다.

▪본 작품은 아트핑고의 창작물로▪
▪디자인등록되어 있으며▪
♦[디자인보호법]에 따라 저작권 보호를 받습니다.♦

▪️아이디어 및 디자인 무단 도용, 카피, 모방시▪️
▪️디자인보호법과 부정경쟁방지법에 의거해▪️
♦️적극적인 법적 대응을 하겠습니다.♦️
▪️발견시 제보해주세요.▪️

[출원번호 30-2019-0062933061270]


손가락이 자유롭고 양면 활용가능하고
손목이 짧기도 길기도하고
피부가 예민한 제가 사용해도
거칠지 않고 적당히 따뜻한🙌

제가 필요했던 부분을 중점으로 만들었어요~

✋줄자 두른 손이 저인데요.
손바닥 둘레가 20cm이예요.
L가 편해요.
개인차가 있으니 참고만 해주세요😉


🌡에어엠보 돔 두겹 면 원단으로🌡
🌡얇은 듯 하지만 부드럽고 따뜻합니다🌡

레이스 물결이 고급스러움을 배가시켜줘요👍


편한 착용감을 위해
사이즈를 세분했습니다.

▪️모델 착용 - S(손바닥둘레 17.5cm)


[사이즈] - 오차범위(5~10mm)

S : 폭 11.5cm / 길이 숏 14cm , 미들(예전롱) 19cm
손둘레 16cm ~ 17cm or
손이 작은 여성, 초등 고학년~

M : 폭 12.5cm / 길이 숏 15cm , 미들(예전롱) 20cm
손둘레 18cm ~ 19cm or
여성, 손이 작은 남성

L : 폭 13.5cm / 길이 숏 16cm , 미들(예전롱) 21cm
손둘레 19cm이상 or
남성, 편한게 좋은 여성


[세탁]
손세탁을 권장합니다.
니트처럼 관리해주세요.

<배송>
기본 배송료 3000원 3만원 이상 무료배송
(도서/산간지역 및 제주 추가 3500원)
섬지역은 추가비용 요청이 있을 수 있습니다.


<NOTICE>
아트핑고의 제품은 기초 부자재부터 원단까지
철저하게 선별하여 직접 디자인하고 제작합니다.

아트핑고의 모든 제품은 7일이내
교환, 환불이 가능합니다.

단, 사용 흔적이 있는 경우는 예외로 합니다.",3000,"아트핑고 / 대한민국 / 부산 해운대구 좌동순환로299번길 11 (좌동, 벽산2차아파트) 상가동 지하2호 211호",2023-01-19 17:05:20.129,27,2023-01-19 17:06:44.464,2,78
79,핸드메이드,"부드러운 털 얼굴속에 까만콩 3개가 콕콕콕!

💕심쿵눈맞춤 푸들을 소개합니다!💕

❤️양해부탁드립니다❤️
제작이 1-2주정도 걸릴 수 있습니다!
꼭 여유를 두고 주문해주시길 부탁드립니다🙏🏻


❣작가팔로우 이벤트중❣️
작가팔로우를 해주시면 전체작품
1000원 할인쿠폰 발급!

❣️후기작성 이벤트중❣️
받아보시고 후기작성해주시면
1500원 할인쿠폰까지 발급해드려요

반짝거리는 까만 눈을 가만히 보고 있으면
그 귀여움에 웃음이나요😀

애착인형 or 키링 으로도 제작가능!
키링으로 제작하여 달아주면
어디든 함께할 수 있어요😍

턱받이, 키링은 추가옵션 입니다!
옵션 선택하지 않으시면 기본 인형으로 배송되어요🙂


-size-
세로 12.5cm 가로 10.5cm
가장 넓은부분기준
±0.5cm정도 오차가 있을 수 있습니다

-기본 Color-
아이보리 / 브라운

베이지 /회색/고동색(+2000)

-texture-
부드러운 털원단

-option-
키링제작: D고리 (옵션에서 선택+1000원)

턱받이: 기본원단 2종류 (+4000원)
다른원단은 추가금있어요 메세지주세요

선물포장: 기본 포장 외에 보관, 선물용포장(+2000원)
선물용 포장은
슈밍스튜디오에서 제작,
반영구적으로사용가능한
투명PET상자에 담아
예쁘게 포장해드릴게요💝
선물용으로도, 보관용으로도 좋아요!


❤️읽어주세요❤️

받아보시고 털방향대로 살살 빗어주시면 더욱 귀여워져요

핸드메이드 인형이므로
개체들에 약간의 차이가 발생할 수 있습니다
예민하신 분들은 신중히 생각하고 주문해주세요🙂

눈,코를 무리하게 잡아당기면 뜯어질 수 있습니다.

세탁은 최대한 피해주시고
오염시에는 세제를 푼 물에 부분적으로
손세탁해주세요

슈밍스튜디오에서 판매하는
모든 제품들은 작가가직접 디자인하여 만든 창작물입니다
카피와도용을 금지합니다",3000,"인천 부평구 부흥북로107번길 30 (부개동, 진양아파트) 가동 501호/ 심쿵눈맞춤푸들",2023-01-19 17:46:42.138,17,2023-01-19 17:46:57.191,2,79
80,노하우,"이러분들 함께 해요~🏃‍♀️🏃‍♂️

1.벤치프레스를 하는데 가슴에 힘이 잘들어가지 않아요..

2.다이어트 하고 싶은데 식단은 어떻게 짜야 하나요?

3.피티를 받아보고 싶은데 한번에 많이 등록하는건 부담스러워요,

4.홈트레이닝 할때 기초 운동을 배워보고 싶어요

5.힙업을 하고 싶은데, 허벅지만 딴딴해지는거 같아요,

6.다이어트를 계속하고 있는데, 왜 생각만큼 잘안된다 하시는분들

7.수업을 통해서 잘 안되는점을 보완하고 동기부여를 하고 싶은신분들

8.영상보고 따라해봤지만 도무지 알수가 없다 하는 분들

9.허리 날씬하게 하는 운동 위주로 배워보고 싶어요,

10.어깨를 넓게 만들고 싶은데, 어떤게 좋을까요?


운동의 재미를 알고싶은 분들 부담없이 문의주세요🤸‍♂️👌


취소 및 환불 규정

가. 레슨 환불기준 원칙
학원의 설립/운영 및 과외교습에 관한 법률 제 18조(교습비 등의 반환 등)
- 학원설립, 운영자, 교습자 및 개인과외교습자는 학습자가 수강을 계속할 수 없는 경우 또는 학원의 등록말소, 교습소 폐지 등으로 교습을 계속할 수 없는 경우에는 학습자로부터 받은
교습비를 반환하는 등 학습자를 보호하기 위하여 필요한 조치를 하여야 한다.

1. 레슨을 제공할 수 없거나, 레슨 장소를 제공할 수 없게 된 날 : 이미 납부한 레슨비 등을 일한 계산한 금액 환불

2. 레슨기간이 1개월 이내의 경우
- 레슨 시작전 : 이미 납부한 레슨비 전액 환불
- 총 레슨 시간의 1/3 경과전 : 이미 납부한 레슨비의 2/3에 해당액 환불
- 총 레슨 시간의 1/2 경과전 : 이미 납부한 레슨비용의 1/2에 해당액 환불
- 총 레슨시간의 1/2 경과후 : 반환하지 않음

",0,서초동 1425-9번지 2층 마이밸런스 / 연락 가능 시간: 9시 ~ 19시 평균 응답 시간: 1시간 이내,2023-01-19 18:01:51.526,5,2023-01-19 18:54:10.975,3,80
81,취미/특기,"안녕하세요.
종이로 디자인 작업을 하는 시오입니다.

여행을 떠나 낯선 길거리를 거닐며
눈에 담아온 건물들은 종이로 재현할 때
가장 즐거운 소재 중 하나입니다.👍

평면의 종이를 자르고 조립하는 과정마다
여행의 즐거운 기억을
함께 떠올릴 수 있기 때문인 것 같아요.⏳

편안한 공간에서 익숙한 재료들을 사용해
여러분만의 즐거운 여행 기억을 떠올려 보세요.

✔️ 아이디어스 클래스 구성

이번 클래스는 입문자들이 부담 없이
따라 할 수 있는 수준으로 구성되었습니다.

· 평면의 종이를 쌓는 레이어링 기법으로 만드는 반입체 카드
· 단순한 작업으로 손쉽게 완성하는 미니 에펠탑
· 북유럽 감성 하우스 무드등
· 알록달록 작은 나만의 암스테르담

✔️ 이런 분들에게 추천드립니다.

· 페이퍼 아트로 다양한 입체 조형물을 만들어 보고 싶은 분
· 아기자기하고 귀여운 소품을 좋아하며 직접 만들어 보고 싶은 분
· 스트레스 해소를 위해 손으로 작업하며 몰입하는 시간이 필요하신 분
· 즐거운 여행을 회상할 수 있는 취미 작업이 필요하신 분
",3000,"경기 구리시 동구릉로 151 (인창동, 건영아파트) 105동 403호 / 페이퍼플라워",2023-01-19 18:31:58.315,43,2023-01-19 18:32:03.364,1,81
82,취미/특기,"✿ 클래스 구성 및 소요 시간 ✿

• 꽃 갈피 (1시간)
• 폰 케이스 (2시간)
• 꽃 스티커 (30분)

⏰사용하는 마감재에 따라 경화 시간이 추가로 필요합니다.

학창 시절 책갈피 속에
네 잎 클로버, 단풍잎을
간직하던 추억이
한 번쯤은 있으시죠~🍀🍁

납작하게 눌러 말린 꽃.
'압화'로 일상 속 작은 소품에
화사함을 더해보아요! 🌼

📍꽃 갈피 만들기📍

먼저 책을 자꾸 펼쳐 보고 싶게
만드는 ‘꽃 갈피’를 먼저 만들어 볼게요.🌻

압화를 다루는 법부터
표현되는 에폭시 레진, UV 레진 사용법까지!

기초부터 꼼꼼하게 배워보며
꽃 갈피를 함께 만들어 보아요.😘",0,"경기 수원시 영통구 효원로 363 (매탄동, 매탄 위브 하늘채) / 압화 케이스",2023-01-19 18:41:26.835,11,2023-01-19 18:41:26.835,0,82
83,취미/특기,"💌필링은 11가지 맛 중 내가 좋아하는 맛 1가지 선택 💌

1. 사랑에빠진딸기 조개롱🍓 ( 딸기크림 큐브치즈 )

2. 황치즈뽀또맛🧀 ( 과자 뽀또맛 떠올르기 )

3. 쿠쿠다스 (과자 쿠쿠다스맛)

4. 밀크순우유🥛 ( 순수우유맛에 후르츠씨리얼 )

5. 바닐라라떼☕️ ( 커피맛 )

6. 쫀떡궁합🍨 ( 인절미와 흑임자의 만남)

7. 쿠앤크🐼 ( 오레오 쿠앤크맛 )

8. 엄마는외계인🫖 (코코아맛에몰티저스)

9. 청포도요거트🍇 (상큼달콤 요거트)

10. 누텔라🍯 (악마의잼)

11. 연유딸기🍧 ( 연유와딸기만남)

(일행이 있으신 경우 서로 다른 맛으로 선택 후 나눠 가지시면 좋아요~^^!)


안녕하세요 수원에서 원데이 클래스를 진행하고 있는 도로롱베이킹입니다 :D

스위스 머랭을 이용한 쫀~득쫀득 꼬끄와 필링에 좋은 재료 만을 아낌없이 사용하여 달지 않은 재료 본연의 진한 필링 맛을 느끼실 수 있습니다.

아몬드 가루로 만든 15개 분량의 뚱카롱을 가져가실 수 있으며,

수업 중 사진 촬영도 가능하니 소중한 추억 많이 담아가시길 바랍니다 :)



도로롱베이킹은 식약청 허가를 받은 색소 전문 기업인 ""쉐프마스터"" 색소를 사용하고 있습니다.

쉐프마스터 색소는 FDA, 할랄, 코셔 인증을 모두 받은 제품이니 안심하고 드셔도 된답니다.

이런 분들에게 추천드려요!
새로운 취미를 배우고 싶으신 분들
직접 만든 정성스러운 선물을 하고 싶으신 분들
우리 아이의 맛있는 간식을 만들어주고 싶으신 분들
홈베이킹을 즐기시는 취미러분들
이색 데이트를 원하는 사랑스러운 커플 분들

메모❤️
수업은 정시에 시작되며, 수업 시작 10분 전부터 입장 가능합니다.
정시 기준 5분 이상 지각 시 수업 참여가 불가한 점 양해 부탁드립니다.
(다음 수업에 지장이 생길 수 있으니 시간 엄수 부탁드립니다!)
",0,	경기 의정부시 경의로 157 (의정부동) 지상1층 103호,2023-01-19 18:51:25.846,3,2023-01-19 18:54:44.642,2,83
84,노하우,"계속해서 더 나은 광고를 기획해내는 과정 👍
광고를 돌리면서 더 나은 효율을 위해 세팅해내는 방법 👍

현직 퍼포먼스 마케터가 전부 알려드립니다.
저는 현재 코스메틱 브랜드 2개 브랜드를 총괄하여 마케팅중인 효율중심 퍼포먼스 마케터입니다.

광고에 대해서 쌩판 모르는 분도
이 전자책 하나만 읽으면 마케터의 30~40% 능력은 갖출 수 있게끔 제작했습니다.
(100%는 불가능합니다. 그러면 마케터가 왜 있겠습니까)


인스타 광고를 왜 해야 하는지 등
쓸데 없는 구구절절한 내용 일절 없습니다.

이 전자책만 보시면 처음부터 끝까지 스스로 해결할 수 있습니다.
페이스북을 떠나서, 마케팅적 광고 운영을 오랫동안 해보신 분이 아니라면
알기 힘든 내용이 담겨있음을 말씀드립니다.🙌

절대 후회 안하실겁니다.
오늘부터 당장 시작하십시오.

📚
1. 인스타 광고를 시작하기 위한 준비 세팅

2. 본격적으로 광고를 시작하기 전 꼭! 알아야 하는 것

3. 나의 광고 목표는 OO인데, 어떻게 광고를 만들어야 할까?

4. 목표를 정했다면, 각 목표별로 광고 기획하는 노하우

5. 광고가 완성되었다면, 성공적으로 세팅하는 방법

6. 광고 유형 별(이미지, 영상) 효율 분석 방법 - 저 예산으로 고 효율을 만들어 내는 분석법

7. 좋은 광고를 만들어 내는데 성공했다면, 보다 더 좋은 효율을 위한 세팅 법",3000,연락 가능 시간: 10시 ~ 18시 평균 응답 시간: 10분 이내,2023-01-19 19:11:25.743,33,2023-01-19 19:36:47.794,4,84
85,취미/특기,"🧁🍒제작 방법🧁🍒



아이스크림 캔들

1. 2 - 3개의 원하는 색과 원하는 향을 고릅니다.

2. 왁스를 드리면 향과 색을 넣고 아이스크림 캔들을 제작해봅니다.

3. 몰드가 아닌 실제 아이스크림 스쿱을 사용하여 아이스크림 콘에 연결해봅니다.





티라이트

1. 원하는 컬러와 향을 고르고 티라이트를 제작합니다.

2. 원하는 디저트 파츠를 골라 티라이트 위에 얹습니다.



구성

티라이트 4구 + 아이스크림 콘1개 + 콘이 없는 아이스크림 1개

이런 분들에게 추천드려요!
♡ 귀여운 나만의 아이스크림을 만들고 싶으신 분
모두모두 오세요 :)

♡ 지루한 일상에 소소한 행복을 찾고 싶으신 분!

메모
* 아이스크림 콘은 작가가 미리 제작을 하여 제공합니다.
* 사진상의 크로플은 현장 추가 제품으로 원하시는 분들에 한해 현장에서 추가 결제 후 제작하실 수 있습니다.
* 약속한 시간에 오지 못하실 경우 수업을 제대로 체험하지 못하실 수 있습니다. 꼭 약속한 시간에 방문 부탁드리겠습니다.",3000,"하이브롱키얼 / 대한민국 경기 용인시 기흥구 마북로 140 (마북동, 동양 파라곤아파트) 105동 302호",2023-01-19 20:18:23.787,23,2023-01-19 20:19:50.192,1,85
86,핸드메이드,"구성품 : 진액팩145g 2개 + 20g 미니 1개

몽뜨허브는 10여년간 피부질환으로 고생한 가족을 위해 만든 화장품입니다.
모든 제품은 건강하고 안전한 성분으로만 만들고 있고,
민감 예민 고민 피부인 분들에게 특히 도움되는 제품을 만들고 있어요!

💚피부건강도 예방이 중요★하다고 생각해요.
건강한 화장품으로 우리 소중한 피부를 지켜주세요!!💚

🥣진액팩은 미지근한 물에 10~20초간 불리신후
진액을 충분히 내어 사용하시길 추천드립니다!!
(이미지속 진액을 참고해주세요)🥣

---------------
👉좁쌀,모공속 노폐물 순삭! 👈

클렌징과 마사지를 한번에 해주는 고체팩
❤진액팩❤ 소개드려요!
---------------

💖""피부무자극 임상테스트 인증"" 💖
💖 비건인증 💖

#뽀득한데 매끈한 느낌
#두번만 문질문질해도 약초진액이 쭈욱~~
#블랙헤드가 사라졌어요
#좁쌀이 없어졌어요

진액팩에는
♠ 인동덩굴, 지실, 백지, 복령, 쇠비름 등
피부에 유효한 30여가지 한방성분과
♠ 11가지 식물성 오일
♠ 다시마, 감태, 톳 등 해조류
피부에 유효한 성분들이 아주 듬뿍듬뿍 들어있어요.

거품대신 진액으로 세정과 마사지를 하는 제품이예요.
미끈미끈 진액으로
피부를 마사지해주면 피부가 환해짐을 느끼실거예요.

➡️진액팩 사용법
1. 얼굴이나 바디를 물에 충분히 적셔줍니다.
2. 진액팩을 3초간 문지르면 진액이 쭈욱~ 나옵니다.
3. 진액으로 피부에 30초간 문질러 주세요.
(샤워시에는 거품망이나 샤워볼에 문질문질해서 사용하세요)
4. 물로 깨끗하게 씻어 냅니다.

<!!> tip
- 포인트메이크업은 전용리무버로 클렌징후 진액팩을 사용해주세요.
- 선크림, 파운데이션 등은 진액팩으로 충분히 세정가능합니다.
- 메이크업시에는 진액팩을 연달아 2회 사용해보세요.",3000,"주식회사 뉴본라이프 / 경기 용인시 기흥구 강남로 9 (구갈동, 태평양프라자) 503-4알호 / 모든 피부타입에 좋습니다. / 개봉후 1년이내",2023-01-20 11:52:19.407,30,2023-01-20 12:05:21.472,1,86
87,핸드메이드,"슬로우하우스 쌀겨 효소 파우더 워시


80g / 약산성클렌져 / 모든피부 사용가능


약산성의 파우더 타입 세안제입니다.
파파야효소와 쌀겨가루가 물리적 마찰 없이 마일드하게
데일리 각질케어를 도와줍니다.


일주일에 한 두번 신경써서 각질정리 하기에도 살짝 귀찮고..
언제까지 물리적인 각질정리를 할 수는 없다고 생각해서
만든 제품입니다.
각질정리가 되지만 매일 사용 가능한 데일리템입니다.
피부에 부담이 없이 미세하게 각질을 정리해주어요!


오전에는 모닝 클렌져로 슥슥 세안해주시고
저녁에는 쌀겨효소 파우더 워시로 세안해 주시면
아침저녁 모두 약산성클렌징이 가능합니다.


마무리감이 아주 독특합니다.
뽀득뽀득하게 당기지 않습니다.
보들보들 매끈매끈하게 마무리 됩니다.
저세상 마무리감입니다.
숨겨진 이마라인의 광을 만나보실수도 있어요!


모닝클렌져와 다른점이라면 같은 약산성 클렌져이지만,
파파야효소가 미세하게 각질을 정리해 주는 역할을 합니다.
거품도 더 잘 나구요, 그만큼 세정력도 더 좋습니다.


피부 정화와 각질케어, 모공세척, 세안 후 보습에 특화된
바이오플라보노이드, 브로콜리, 알로에 복합체 성분이 맑고 깨끗한 세안을 도와줍니다.


세안 후 보들보들한 피부를 만나보실 수 있어요! ^_^

! 처음 제품을 받으신 후 마개를 열어 내장된 작은 흰색 속마개를 제거해주셔야 내용물이 나옵니다. !

! 내용물을 충분히 물에 녹여서 사용하는 것을 추천드립니다 !",3000,"서울 용산구 청파로 326 (청파동1가, 고려빌딩) 4층 502호 / 제조일로부터 12개월 / 개봉 후 6개월 이내 사용 / 모든피부 사용가능",2023-01-20 12:00:16.206,30,2023-01-20 12:05:18.739,1,87
88,핸드메이드,"Birthstone soap 12 SET
60g, 100g


* 주성분 *
시어버터, 코코넛 오일, 팜 오일, 피마자 오일, 포도씨 오일

* 효과 *
보습, 클렌징

* 피부 타입 *
모든 피부 타입 - 중성



12달의 탄생석을 한 상자에 닮은 탄생석 비누 SET입니다.
🟡 상자는 서랍형과 뚜껑형 중 비누 모양에 맞추어
랜덤으로 발송됩니다.

코코넛 오일과 시어버터가 함유되어
피부 보습과 클렌징에 도움을 줍니다.
샤워, 세안이 가능한 순한 비누입니다.


모든 작업이 수작업으로 제작되어
비누마다 조금씩 모양과 색상의 차이가 있습니다.
제조일로부터 12개월 이내로 사용해주세요 :)",3000,"보습 클렌징 / 제조일로부터 12개월 / 비누유지,코코넛오일,팜오일,피마자오일,포도씨오일,시어버터,에센셜오일,프로그랜스오일,수용성글리세린색소,비누용펄,천연분말",2023-01-20 12:04:54.334,25,2023-01-20 12:05:38.319,4,88
89,핸드메이드,"메주-타마누 자운고
madagascar TAMANU+자운고

지치,당귀,금은화,유근피,작약,지황등의 자운고약재와
타마누오일로 만들어진 피부보약

자운고는
1.여드름성 피부
2.각종 피부 가려움 진정에
3.벌레 물린 곳
4.발 뒤꿈치 갈라진곳 등에 도움이 되며

타마누오일은 인도와 베트남등 에서도 생산되나
마다가스카르산이 특히 Foraha오일로 불리며 약성이 뛰어남
Calophyllic acid와 Calophyllolide성분이 탁월한 효능의 주성분
여드름과 여드름자국,모발과 두피의 컨디셔닝,습진,건선등에 좋음
특히 상처를 치유하고 새로운 조직의 생장을 촉진시키는 놀라운 능력이 있는오일
흉터를 없애주는 놀라운 효능은 아직 정확히 설명이 안됨(유투브 동영상 참조)


사용방법
1.메주시리즈의 비누는 일반비누 약 4~5개정도의 크기입니다.
약 4~5등분정도로 나누는 느낌으로 커팅하십시요.
2.나이프류로 커팅하십시요.
3.100% 식물성오일로 만들어진 수제비누이지만 쉽게 녹는 제형이 아닙니다.
4.커팅후 남은 비누는 다시 걸어두고 계속해서 묵혀주십시요
(보관장소는 직광이 없고, 습기가 없는, 통풍이 잘되는 곳이 좋습니다)
좋은 식물성오일로 만들어진 비누는 오래 묵힐수록 좋습니다.
(숙성의 개념이 아닙니다.비누는 숙성되지 않습니다)
5.중간의 마끈부분의 커팅시에는 비누를 돌려가면서 커팅하십시요
6.제조날짜를 확인하시고 제조일로부터 3주후 사용하십시요


무게 480g

전성분
병풀 플로럴워터
유기농올리브오일
유기농 해바라기오일
유기농 캐스터오일
유기농 버진 코코넛오일
마다가스카르 타마누오일
병풀분말
병풀추출물
민들레 추출물
쇠비름추출물
일라이트
카올린
수산화나트륨",3000,개봉 후 5년 / 서울 종로구 인사동길 36 (관훈동),2023-01-20 12:10:52.370,20,2023-01-20 12:10:52.370,0,89
90,핸드메이드,"MAEUM : 마음

하나하나 예쁘게 정성을 담아 제작하느라
적정량만 주문 받고 있습니다~♡
필요하신 일정보다 여유있게 주문 부탁드립니다.☺️

🍒
품질 좋은 국내 생산 양말에 귀엽고 사랑스러운
오니기리 포장을 더한 갬성 뿜뿜 양말입니다 :)

찬바람 불어 올때 딱 신기 좋은
포근포근한 두께감의
선명하고 깊은 골지양말이
17가지의 다양한 컬러감으로
하루 종일 맛있는 발걸음을 선물합니다 :)

신을 때마다 미소가 절로 나오는
리얼 오니기리 포장의 양말로
패션의 완성에 행복을 더해 보세요 :)

🍒소재
면, 폴리에스테르, 폴리우레탄, 나일론

🍒사이즈
235~270mm

🍒색상
화이트, 블랙, 그레이, 차콜, 오트밀,
코코아, 브라운, 브릭레드, 베이지,
오트밀, 멜란지블루, 멜란지핑크, 딥그린,
멜란지퍼플, 버건디, 카키, 머스타드",3000,"자체제작/대한민국 / 경기 부천시 지봉로63번길 31-16 (역곡동, 삼성하이츠빌) 201호",2023-01-20 13:05:18.384,30,2023-01-20 13:05:18.384,0,90
91,핸드메이드,"취향에 따라 자유롭게 선택할 수 있도록
20가지 컬러를 준비했습니다.
원하는 색상을 골라 보세요!

가볍고 얇은 형태로
부피를 최소화 한 안경 케이스입니다.
얇은 테 안경부터 뿔테 안경까지
자유롭게 수납이 가능합니다.

휴대하기 편리하도록
작고 가볍게 만들어진 제품으로,
큰 선글라스는 수납이 불가능합니다.

목걸이 스트랩과 미니 스트랩을 달아
더욱 편리하게 사용하실 수 있습니다.

스트랩 포함 제품의 경우
스트랩 구멍이 펀칭되어 제작됩니다.

활용도 높은 스트랩을 장착해
휴대성을 높여 보세요!

국내 공방 바체타팩토리에서 직접 제작하여
믿을 수 있는 품질과 뛰어난 만듦새를 자랑하며,
A/S가 가능합니다.

또한, 제봉 실로 독일 귀터만 사의 마라 실을
사용하여 더욱 탄탄하게 만들었습니다.

귀터만이란?

1864년에 창립된 회사로
실크 생산 공장에서 시작하여 현재는 인조 실크사와
재봉사, 특수사를 생산하고 있는 독일의 실 회사입니다.

좋은 품질로 유명한 명품 브랜드를 비롯하여 전 세계의 다양한 브랜드에서
귀터만의 실을 사용하여 제품을 만들고 있습니다.

높은 퀄리티의 인조 가죽으로 만들어진
바체타팩토리 안경 케이스는
오염과 물에 강해 관리가 쉬우며,
편하게 사용하실 수 있습니다.

내부는 부드러운 감촉의 천​으로 처리되어
안경 알을 보호할 수 있어
스크래치 걱정 없이
안전하게 사용하실 수 있습니다.",3000,"소재: 인조가죽 원산지: 대한민국 제작기간: 영업일 내 1-3일, 최대 7일/ 서울 성동구 왕십리로14길 21-4 (성수동1가)",2023-01-20 14:41:02.054,20,2023-01-20 14:41:02.054,0,91
92,핸드메이드,"아이들 가방, 이불 등에 헷갈리지 않도록
달아주기 좋은 자수 네임텍이예요:)
새 학기 선물이나 어린이집 선물로도
안성맞춤이에요

고리 색, 글씨 색, 폰트에 따라
같은 이름이라도 느낌이 너무 다르답니다:D
원하시는 스타일대로 골라주세요!
예쁘게 만들어 드릴게요 ★

전체 길이는 13cm로 부담스럽지 않은 길이라
성인용 자동차 키링,가방키링으로도
너무 예뻐요:D

팬던트 색, 글씨색, 고리색 을 선택해주세요.
이름과 이름 옆 자수도 포함입니다.
이름 옆 자수는 별, 스마일, 꽃 3가지 중에
선택해 주세요.


글씨 색상을 다채롭게 원하시는 분들은
컬러풀 추가를 눌러주세요♥
원하시는 컬러는 문의주세요
(글자색 -분홍, 주황,하늘,민트, 초록, 노랑,
원하시는 색상에 따라 조합 가능)

﻿
한글은 최대 4자, 영문은 8자 이내가
적당한 크기와 간격으로 가장 예뻐요!
글씨가 길어질수록 전체적으로
글씨 크기가 작아진답니다.
참고 부탁드릴게요^^
★답례품용으로 선물하시는 분들께는
5개 이상 주문시
원하시는 문구로 무료스티커 작업하여
개별포장해드려요:)
ex)생일축하,감사인사,등등
10개이상 주문시 금액할인 해드립니다!





﻿

주문 전 꼭 읽어주세요!


*통일된 웨이빙 부드러운 40수 면 웨이빙끈입니다.

*주문량이 많으면 다소 시일이 걸릴 수 있으니
빠르면 2일 이내, 늦으면 일주일 정도
소요된답니다.
최대한 빠르게 제작하여 발송해 드리고 있어요!

*이름 옆 자수는 스마일, 별, 꽃 세 가지 중에
선택해 주세요!",3000,면 / 대한민국 / ,2023-01-20 14:47:30.336,20,2023-01-20 14:47:30.336,0,92
93,핸드메이드,"🔥드로잉 각인 지포형 라이터🔥

※법적으로 만 19세 미만 미성년자는 구매 불가합니다※

***

보핀에서 처음 선보이는 지포형 라이터입니다!

기본각인 함께 하실 수 있어
남자친구 선물 또는 친구 선물로
추천드려요 :)

심플하면서 깔끔한 색상과 디자인이
아주 매력적인 제품이랍니다.

✔️라이터 기름은 들어있지 않습니다!
추가로 리필용 기름을 구입하신 후 채워주셔야 불이 붙습니다 :)
(편의점이나 마트에서 흔하게 판매하고 있어요!)
기름도 같이 판매하면 불법이므로 라이터만 판매하고있습니다!

✔️그림 각인 시 뚜껑 위까지 각인을 원하실 경우 따로 메세지 부탁드리겠습니다 :)!

✔️기본적으로 위치는 뚜껑 라인 밑에 각인되십니다 :)

✔️각인 문구 위치는 따로 설정 가능합니다.(ex. 왼쪽, 가운데, 오른쪽)
이 밖의 위치를 원할시 따로 메세지 부탁드리겠습니다.

✔️ 엔틱한 타입의 메탈상 표면에 기스나 홈이 있을 수 있어요!
해당사항은 교환 및 반품이 어렵습니다 :)

* 각인이 불가한 그림도 있기에, 메세지로 문의주세요!
라인(드로잉)형태의 흰바탕에 검은선으로
되어있는 이미지만 가능하답니다! :)

▪️ 재질 ▪️
메탈
▪️ 사이즈 ▪️
5.5cm * 3.5cm
▪️ 컬러 ▪️
실버,골드,블랙
* * *
▪️주문방법▪️

- 옵션을 선택하시고,
주문하실때에 ""주문 요청사항""에
[원하시는 문구]를
입력해서 주문해주세요!

각인옵션을 선택하신 후에
[ 각인문구 - 0000 ]
이런식으로 입력해주세요 !

* 문구길이 제한은 없어요 :)
하지만 너무 길어지시면
폰트크기가 작아져요 ^^
** 샘플의 이름,문구 정도가 딱 적당합니다 :)

*단나눔은 /(슬래시)로 표시해주시면 되십니다.
단나눔 표시가 없으시면 임의로 나눠드리고 있어요!

* 외국어도 가능하나, 기본 폰트로 제작되어요.

* * 특수한 이모티콘, 다른 폰트로 각인하고 싶으신 경우에
메세지로 편하게 문의주세요. 💛",3000,각인 지포 라이터 / 대한민국,2023-01-21 08:26:36.736,10,2023-01-21 08:26:36.736,0,93
94,핸드메이드,"💎쥬얼리 별자리 자수 손수건💎
(바이디어 단독-인기)

태어나면서 누구나
부여받는 고유의
개인 별자리

우주의 별을 국제천문연맹이 1930년
공인하여 현재의 별자리가 탄생~!

그 방대한 우주의 신비로움을
손수건에 소중히 표현해 드립니다 ~^^

연령대 성별무관
가지고 다니면 너무 세련되고
고급스러운 프리미엄 손수건입니다:)

⭐케이스포장 무료 이벤트중
(새로운케이스 업그레이드)

쥬얼리특수기법 별자리자수+정품홀로그램스티커+
개인각인+택배포장+케이스포장

✅바이디어에 첫구현되는
쥬얼리 별자리손수건

📌쥬얼리 별자리

별자리 유니버스(세계관)을 기획하며
일반자수는 예쁘게 별자리
가 나오지 않기에 쥬얼리기법을
개발 하였습니다^~^

일반자수로는
저런 효과가 나오질 않는답니다 :)

실제 보시면 쥬얼리처럼
보이며 정말 예쁘고 블링하게
구현되었습니다~

✅주문방법

옵션을 선택해
별자리와
손수건 컬러등을 선택후
각인하실분은
요청서에 적어주세요^^

모임.직장.부모님.커플.친구.지인 선물용
으로 강추~

💠컬러

화이트.네이비.핑크.스카이
(면 100%)

💠원단폭

45cmX45cm

💠 별자리는 사선으로 배치됩니다

💠 문구 (개인각인)

손수건 구조상 가장 예쁜형태인
별자리 반대편 사선으로 위치를 대칭시켜
각인해드리므로 밸런스 있고
고급스럽습니다^^
어바웃엠브로의 사선 트레이드 마크
사진참조 부탁드립니다

💠 자수전반적인 노하우를
보유하고 있어 자수퀄리티 그리고
각인을 깔끔하게 놔드립니다
(다루고있는 다른 제품 확인부탁드립니다^^)

💠택배사 대한통운


💠 모니터에 따라 색상이 다소,달라 보일수
있습니다~!

그외 궁금하신 부분은 언제든지
문의주세요~!

단체 및 대량주문시 먼저 연락주세요~",3000,별자리 자수 손수건 / 대한민국,2023-01-21 08:34:42.774,16,2023-01-21 08:34:42.774,0,94
95,핸드메이드,"쁘띠까망 반려동물 양모 키링🐶

***

🔥배송 공지🔥
주문일로부터 한달 반- 2달 정도 소요될 예정입니다.
주문에 꼭 참고 부탁드립니다 :)

***

언제나 함께하고 싶은 우리 댕댕이,
마음 담아 단 하나뿐인 맞춤 키링을 제작해드립니다 :-)

쁘띠까망 반려견 키링은,
우리 강아지 얼굴을 쏙 빼닮은 귀여운 양모 인형 키링으로,
에어팟키링, 차/열쇠 고리 등 높은 활용도를 자랑하는
만족도 200%의 키링입니다 🖤

***

✔️ 아래 내용을 꼼꼼히 읽어보신 후 주문 부탁드립니다 🙇🏻‍♀️💞


✔️ 심플 키링
- 기본 키링(골드 / 블랙(흑색) / 실버)
- 미니 방울(와인/ 블랙/ 그레이)
- 이니셜 팬던트

✔️ 천연소가죽 키링 옵션
- 꼬임키링 천연소가죽
(인디핑크 / 베이지 / 와인 / 그레이 / 브라운 / 블랙)
- 납작키링 천연소가죽
(머스타드/ 카키그레이 / 브라운 / 와인)


✔️ 주문 방법
- 키링 구성 선택 및 결제 후, 메시지로 반려견 정면 사진 2-3장을 보내주세요!
(색 보정 없는 모색이 잘 드러나는 사진이 가장 좋습니다!)
- 반려견 양모 인형은 보내주시는 반려견 사진에 맞춰 제작해드립니다. 실사보다는 특징을 살려 ‘캐릭터화’하여 제작하며, 털빠짐 및 관리의 어려움으로 털 표현은 자제하고 있습니다.
(대부분 단모종으로 제작)
* 양모인형 추가 옵션은 한개의 키링에 인형 2개 부착을 원하시는 분들을 위한 옵션입니다. (키링 1개+인형2 O / 키링2개 X)
* 일부 견종은 모색 혼합, 주름 표현 등 제작 방법에 따라 추가 금액이 발생합니다.

✔️ 제작 기간
🏷 2월/ 3월 제작 및 배송이 이루어지는 점 참고 부탁드립니다.
(특정 날짜까지 필요하신 경우 가능 여부 문의 부탁드립니다!)
- 커스텀 제품으로 교환 및 환불은 어려운 점 양해 부탁드립니다.

* 문의는 메시지로 부탁드립니다 :)

***

* 양모 특성 상 시간이 지나고 마찰이 생기면 털실이 살짝 올라옵니다. 그럴땐 올라온 털실을 가위로 살살 다듬어 주세요.",3000,양모 강아지 키링 / 대한민국,2023-01-21 08:39:00.646,34,2023-01-21 08:39:00.646,0,95
96,핸드메이드,"천연양모를 이용해 한콕한콕 손으로 만드는 미니미입니다.
우리 아이의 특징과 느낌을 살려 제작되기에
캐릭터처럼 우리 아이를 만날수 있습니다.
조금 단순화 되어 제작되기에 완전 똑같을 순 없습니다.ㅜ
(후기를 참고하심 좋아요)


1. 주문 후 메시지로 사진을 보내주세요.

아가의 모색(태비) / 눈색 /
그 외 꼭 표현하고 싶은 부분이 있다면 편히 말씀해주세요~
대부분 가능하지만, 특히 까다롭다 생각되는 아이는
주문전 상담 부탁드려요~

2. 앞모습 위주로 제작되며 뒷모습 무늬는 표현되지 않습니다.
(모색만 맞춰 드려요)


3. 양모 특성상 털이 빠지거나 모양이 흐트러질수 있어서
길게 털 표현을 하지 않지만 장모 아이일 경우 표현합니다
이경우 털이 빠질수 있습니다.


📍완료 후 사진 보내드리지 않아요.",3000,고양이 키링 / 대한민국,2023-01-21 08:42:08.453,26,2023-01-21 08:42:08.453,0,96
97,핸드메이드,"🔥🔥 900돌파!! 🔥🔥
🔥🔥 재구매율 1위!! 👍🔥🔥


🎊✨️ 🏆2022 파인아트 '최우수상' 수상!!🏆 ✨️🎊
《 작가피드 참고 😉🏆 》


여러분의 귀한 사랑 정말 감사합니다🙇‍♀️


🎄✨️다가오는' 설날 선물'🧧로 강력추천 드려요!🥰⛄️


-


✨️꿈꾸는 벨라✨️의 황금나무는
바이디어에서만 만나보실 수 있습니다


-


💛재물💛풍요로움💛복💛따뜻함💛금전운💛


예로부터 풍수학적으로 황금은 재물을 불러오고
신분상승과 왕을 상징하는 귀한것이었습니다

부와 복을 상징하는 노랑색과 황금색 물감이 들어간 황금나무 작품입니다

따뜻한 노란빛과 황금빛을 띄는 작품을 걸어놓으면 좋은기운이 여러분에게 찾아올거예요💕

-

💛좋은 그림을 걸어놓아야 좋은기운이 찾아온대요!🏡💛

또 좋은 그림은 돈의 흐름을 바꿔준다고도 합니다🤗


-


따뜻한 풍요로움이 찾아오길 바라는 마음으로 작업하였습니다
노란빛이 마음을 참 따뜻하게 해주는 작품입니다

✅️ 흔하게 구입할 수 있는 프린팅된 작품이 아닌
작가가 직접 그린 100% 원작입니다

🏵황금나무는 큰사이즈일수록 멋지답니다!🏵

💓두꺼비집 가리개로 최고!
(두꺼비집 사이즈 작가에게문의)

-

안녕하세요
✨️소중한분께 잊지못할 선물을 드려보세요✨️


✅️ 개업선물, 집들이, 부모님 선물, 생일 선물, 상견례 선물

✅️ 사업상 중요한👍거래처 지인 선물로
선물로도 적극 추천!

✅️ 연말, 연초, 명절에 중요한 지인분께 드리는 선물로도 적극추천!
호감 급상승효과!🥰

-

펄이 들어간 물감과
황금색 물감을 듬뿍올려 채색했기때문에
고급스러운 느낌이 납니다
특유의 질감때문에 빛을 받으면 더욱 고급스러워요
작품의 완성도를 위해 물감을 아낌없이 듬뿍듬뿍 올렸답니다
실제로보면 훨씬 입체감 있는 작품이랍니다😊

후회하지 않으실거예요!🍀

-

작품 하단 옆면에 작가의 사인이 들어갑니다",0,황금나무 그림 / 대한민국,2023-01-21 08:47:08.231,5,2023-01-21 08:47:08.231,0,97
98,핸드메이드,"""소중한 추억을 빛내드립니다""

아직 작가 팔로우를 안하셨나요?
👉 처음 즐겨찾기 등록시 할인쿠폰을 드려요
작가 팔로우를 하시고
다양한 신작품 정보와 쿠폰 혜택을 받으세요


📸사진 전송
사진은 바이디어 메세지 혹은 메일로 보내주세요
*메일주소:2star_memory@idus.me
@'바이디어 메세지' 알람설정을 해주세요!
제작 과정은 메세지로 소통드립니다:) @

📏액자의 크기
직사각형(4:3비율)
20×15 cm
32×24 cm
44×33 cm

정사각형
20×20 cm
30×30 cm
45×45 cm

벽걸이, 탁상형이 모두 가능한 캔버스 조명액자 입니다 :)
액자의 방향에 맞게 탁상 받침이 뒷면에 붙어있습니다

🪙캔버스 조명액자의 특징
1. 조명을 키지 않았을 때에는 고급스런 캔벅스 액자입니다
2. 액자 안에 도광판이 들어가 사진이 골고루 빛납니다
3. 액자 테두리까지 골고루 빛나서 조명을 켰을 때 더욱 예쁩니다


🔌전원 연결
usb 전원 연결방식입니다.
@배터리 충전방식 아니에요@
(컴퓨터, 보조배터리, 핸드폰 충전기 등 연결 가능합니다)
*어댑터는 미포함이며 옵션으로구매 가능합니다

💡기능
1.버튼 on-off 방식
2. 밝기조절 가능
(터치 버튼을 누르고 있으면 조절됩니다)
3. 약 1.5m의 여유로운 길이",3000,캔버스 사진 무드등 / 대한민국,2023-01-21 08:52:15.858,53,2023-01-21 08:52:15.858,0,98
99,핸드메이드,"주문 전 꼭 읽어보기!

📌주문 전 주소지를 꼭 확인해주세요!
주소 변경은 취소 후 재주문으로만 가능합니다.

🎨시안 수정은 2회 가능합니다.
고객님께 드로잉 시안을 보내드린 후,
5일 이내 확인 답변이 없을 시 바로 제작되어 출고됩니다.

❌시안 작업이 들어간 후 취소는 불가합니다.

👌제품 사이즈 및 사진 구도에 따라 다수 인원도 (10인 이내)
작업 가능하며, 인원추가 비용은 별도 발생하지 않습니다 :)

🙏자재 특성상 우드와 거울면의 작은 티클이나 스크래치는
생산, 유통 과정에서 발생할 수 있어
정도에 따라 교환 및 반품이 어려울 수 있습니다!",3000,드로잉 탁상거울 / 대한민국,2023-01-21 09:03:25.843,13,2023-01-21 09:03:25.843,0,99
100,핸드메이드,"스마일 누빔 바구니 누빔바스켓

퐁신퐁신하고 부드러운 면으로 만들어진
사각체크 스티치가 들어간 누빔 바구니 입니다
아이들 소꿉장난감 정리용으로도 좋고
기저귀 바구니로도 좋고 반려견반려묘 장난감정리용도 좋아요


자수안내
이니셜은 영문 7-8자 한글 5자내로 가능합니다
스마일과 별도로 단색 라인 위주 커스텀 자수로 변경 가능합니다

이니셜과 스마일컬러는 원하시는 컬러를 주문 메세지에
알려주세요☺️
샘플은 다홍레드컬러로 제작되었습니다(컬러요청이 따로 없을시 다홍레드로 제작합니다)

사이즈
M 높이 20 밑바닥 지름 20
L 높이 30 밑바닥 지름 30
XL 높이 30 밑바닥지름 40
수치상으로는 크게 차이나 보이지 않지만 실제 부피는 차이가 매우 많이 납니다 ~
M과 xl 의 부피차이는 약 4배정도 입니다


마음을 담아 예쁘게 만들어 보내드릴게여🙇🏻‍♀️
조금만 천천히 기다려주세여",3000,스마일 이니셜 패브릭 누빔바스켓 / 대한민국,2023-01-21 11:53:44.127,13,2023-01-21 11:53:44.127,0,100
